id,gender,masterCategory,subCategory,articleType,baseColour,season,year,usage,productDisplayName
9358,Women,Accessories,Socks,Socks,Red,Fall,2011.0,Casual,Puma Women Sport Pack of 3 White Socks
10249,Women,Accessories,Bags,Handbags,Brown,Winter,2015.0,Casual,Murcia Women Hahk Brown Handbags
49010,Women,Accessories,Jewellery,Ring,Silver,Summer,2012.0,Casual,Lucera Women Silver Ring
34968,Women,Accessories,Stoles,Stoles,Blue,Summer,2012.0,Ethnic,Fabindia Women Printed Blue Chanderi Stole
26433,Women,Accessories,Bags,Handbags,Black,Winter,2015.0,Casual,Spice Art Women Leatherette Black Handbag
5266,Unisex,Accessories,Bags,Backpacks,Grey,Winter,2015.0,Casual,Wildcraft Unisex Schoolbag Grey Backpack
25083,Men,Accessories,Accessories,Accessory Gift Set,Red,Winter,2015.0,Formal,Lino Perros Men Formal Red Accessory Gift Set
29894,Women,Accessories,Eyewear,Sunglasses,Grey,Winter,2016.0,Casual,Mayhem Women Sunglasses 1012-104
17115,Women,Accessories,Bags,Clutches,Blue,Winter,2015.0,Casual,Lino Perros Women Classic Blue Clutch
51718,Unisex,Accessories,Eyewear,Sunglasses,Brown,Winter,2016.0,Casual,Allen Solly Unisex Sunglasses
32310,Men,Accessories,Watches,Watches,Black,Winter,2016.0,Casual,Q&Q Men Black Dial Watch
21327,Men,Accessories,Eyewear,Sunglasses,Brown,Winter,2016.0,Casual,Louis Philippe Men Sunglasses LP202-C1
19765,Unisex,Accessories,Watches,Watches,Black,Winter,2016.0,Casual,Ice Unisex Stone Black Watch
9487,Unisex,Accessories,Bags,Backpacks,Grey,Fall,2011.0,Casual,Puma Unisex Big Cat Grey Backpacks
22939,Women,Accessories,Watches,Watches,Grey,Winter,2016.0,Casual,Fastrack Women Grey Casual Watch
29126,Women,Accessories,Eyewear,Sunglasses,Purple,Winter,2016.0,Casual,Vogue Women Purple Sunglasses
59504,Women,Accessories,Jewellery,Necklace and Chains,Silver,Summer,2013.0,Casual,Lucera Silver Necklace
48232,Women,Accessories,Eyewear,Sunglasses,Black,Winter,2016.0,Casual,United Colors of Benetton Women Black Sunglasses
31926,Women,Accessories,Bags,Clutches,Blue,Summer,2012.0,Casual,Fabindia Women Blue Silk Purse
46559,Men,Accessories,Watches,Watches,Black,Winter,2016.0,Casual,Timex Men Black Dial Watch
35080,Men,Accessories,Ties,Ties,Navy Blue,Summer,2012.0,Formal,Allen Solly Men Navy Blue Tie
28415,Men,Accessories,Eyewear,Sunglasses,Black,Winter,2016.0,Casual,Idee Men Black Sunglasses
42875,Women,Accessories,Bags,Clutches,Black,Summer,2012.0,Casual,French Connection Women Black Purse
49571,Men,Accessories,Belts,Belts,Brown,Summer,2012.0,Casual,Reid & Taylor Men Brown Belt
32164,Women,Accessories,Socks,Socks,Navy Blue,Summer,2017.0,Casual,Playboy Women Playmate Navy Blue Ankle Socks
58030,Women,Accessories,Jewellery,Earrings,Gold,Fall,2012.0,Casual,Rreverie Golden & Black Earrings
31707,Women,Accessories,Jewellery,Earrings,Gold,Winter,2016.0,Ethnic,Fabindia Women Ananya Gold Earrings
37673,Unisex,Accessories,Bags,Backpacks,Black,Spring,2013.0,Casual,American Tourister Unisex Black Backpack
30668,Men,Accessories,Eyewear,Sunglasses,Black,Winter,2016.0,Casual,Park Avenue Men Black Sunglasses
25152,Women,Accessories,Bags,Handbags,Black,Winter,2015.0,Casual,Lino Perros Women Leatherette Black Handbag
33885,Men,Accessories,Watches,Watches,Steel,Winter,2016.0,Casual,Citizen Men Steel Eco-Drive Watch
42624,Women,Accessories,Jewellery,Earrings,Gold,Winter,2016.0,Casual,Estelle Women Earrings
36895,Women,Accessories,Watches,Watches,Green,Winter,2016.0,Casual,Fossil Women Green Dial Chronograph Watch ES3051
20965,Women,Accessories,Bags,Handbags,Red,Fall,2011.0,Casual,Fastrack Women Red Gym Satchel
16098,Women,Accessories,Eyewear,Sunglasses,Black,Winter,2016.0,Casual,M tv Women My Fab Eyewear Black Sunglasses
19777,Men,Accessories,Mufflers,Mufflers,Red,Fall,2011.0,Casual,United Colors of Benetton Men Casual Red Muffler
41242,Men,Accessories,Belts,Belts,Black,Summer,2012.0,Casual,Arrow Men Black and Brown Reversible Belt
50209,Women,Accessories,Eyewear,Sunglasses,Brown,Winter,2016.0,Casual,Stoln Women Brown Sunglasses
34553,Women,Accessories,Bags,Duffel Bag,Green,Summer,2012.0,Casual,Puma Women Campus Grip Green Duffle Bag
48744,Men,Accessories,Jewellery,Bangle,Steel,Summer,2015.0,Casual,Revv Men Steel Bangle
29073,Men,Accessories,Bags,Backpacks,Blue,Winter,2016.0,Casual,Fastrack Men Blue Backpack
32473,Unisex,Accessories,Socks,Socks,Black,Summer,2012.0,Casual,ADIDAS Unisex Black Socks
54340,Men,Accessories,Socks,Socks,White,Summer,2016.0,Casual,Levis Men Pack of 3 Socks
45874,Men,Accessories,Watches,Watches,Silver,Winter,2016.0,Casual,Maxima Men Silver Dial Watch
49855,Unisex,Accessories,Watches,Watches,Black,Winter,2016.0,Casual,Q&Q Kids Unisex Black Digital Watch
25945,Women,Accessories,Scarves,Scarves,Blue,Summer,2012.0,Casual,Femella Women Printed Blue Scarf
21687,Men,Accessories,Watches,Watches,Steel,Winter,2016.0,Casual,Fossil Men Steel-Toned Dial Chronograph Watch CH2790
52812,Men,Accessories,Wallets,Wallets,Black,Summer,2012.0,Casual,JAG Men Black Leather Wallet
24834,Unisex,Accessories,Accessories,Travel Accessory,Black,Winter,2015.0,Casual,Wildcraft Unisex Black Travel Pouch
59572,Men,Accessories,Cufflinks,Cufflinks,Steel,Summer,2012.0,Casual,Revv Men Steel Cufflinks
7077,Unisex,Accessories,Bags,Backpacks,Grey,Winter,2015.0,Casual,Wildcraft Unisex Grey & Red Backpack
48793,Women,Accessories,Jewellery,Pendant,Silver,Summer,2013.0,Casual,Lucera Women Silver Pendant
53604,Men,Accessories,Watches,Watches,Black,Winter,2016.0,Casual,Q&Q Men Digital Watch M065-003
18784,Men,Accessories,Ties,Ties,Lavender,Summer,2011.0,Formal,Peter England Men Elite Lavender Tie
46463,Men,Accessories,Watches,Watches,Black,Winter,2016.0,Casual,Timex Men Black Dial Watch
35244,Men,Accessories,Socks,Socks,Red,Summer,2012.0,Casual,Manchester United Men Red Socks
11003,Men,Accessories,Watches,Watches,Red,Winter,2016.0,Casual,Puma Men Fluctuation Red Dial Watch
35019,Women,Accessories,Stoles,Stoles,Grey,Summer,2012.0,Ethnic,Fabindia Women Chanderi Grey Stole
36510,Women,Accessories,Wallets,Wallets,Black,Summer,2012.0,Casual,United Colors of Benetton Women Black Wallet
7659,Men,Accessories,Socks,Socks,Black,Summer,2016.0,Casual,Wrangler Men's Black Ankle Length Socks
7678,Women,Accessories,Socks,Socks,Pink,Summer,2016.0,Casual,Wrangler Women Pink Secret Socks
23731,Men,Accessories,Eyewear,Sunglasses,Black,Winter,2016.0,Casual,Ray-Ban Men High Street Sunglasses
11218,Men,Accessories,Watches,Watches,Steel,Winter,2016.0,Casual,Esprit Men Gran Orbus Black Steel Watches
54823,Women,Accessories,Bags,Laptop Bag,Brown,Summer,2012.0,Casual,Ivory Tag Brown Plaid Jetsetter Laptop Bag
25225,Women,Accessories,Bags,Handbags,Blue,Winter,2015.0,Casual,Lino Perros Women Blue Handbag
25431,Men,Accessories,Socks,Socks,White,Summer,2016.0,Casual,Lee Men Tripack Socks
40519,Men,Accessories,Watches,Watches,Grey,Winter,2016.0,Casual,Titan Men Grey Dial Watch
54877,Women,Accessories,Jewellery,Necklace and Chains,Multi,Summer,2013.0,Casual,Ivory Tag Women Golden Tangerine Multicoloured Necklace
58445,Women,Accessories,Watches,Watches,White,Winter,2016.0,Casual,Fossil Women White Dial Watch
33405,Women,Accessories,Wallets,Wallets,Teal,Summer,2012.0,Casual,Baggit Women Border Cocoa Teal Wallet
43835,Women,Accessories,Jewellery,Earrings,Maroon,Summer,2012.0,Casual,Royal Diadem Maroon Earrings
58899,Men,Accessories,Ties,Ties,Grey,Summer,2012.0,Casual,Hakashi Men Grey Silk Tie
35917,Women,Accessories,Bags,Handbags,Red,Summer,2012.0,Casual,Peperone Women Red Handbag
29889,Women,Accessories,Eyewear,Sunglasses,Brown,Winter,2016.0,Casual,Mayhem Women Sunglasses 1015-103
51909,Women,Accessories,Bags,Laptop Bag,Pink,Summer,2016.0,Casual,Nyk Women Pink Floss Laptop Bag
46485,Men,Accessories,Watches,Watches,Navy Blue,Winter,2016.0,Casual,Timex Men Blue Dial Chronograph Watch
43273,Women,Accessories,Bags,Handbags,Black,Summer,2012.0,Casual,Murcia Women Black Handbag
58035,Women,Accessories,Jewellery,Earrings,Silver,Winter,2012.0,Casual,Rreverie Women Silver Earrings
15917,Unisex,Accessories,Bags,Backpacks,Brown,Fall,2011.0,Casual,ADIDAS Unisex Ep Bp Adv Casu Brown Backpack
10737,Women,Accessories,Bags,Handbags,Black,Winter,2015.0,Casual,Murcia Women Hmzaab Black Handbags
23460,Men,Accessories,Scarves,Scarves,Brown,Winter,2015.0,Casual,Lino Perros Men Brown Check Scarf
46478,Women,Accessories,Watches,Watches,White,Winter,2016.0,Casual,Timex Women White Watch
49532,Women,Accessories,Bags,Clutches,Gold,Summer,2012.0,Casual,Rocia Women Gold Clutch
17444,Men,Accessories,Watches,Watches,Silver,Winter,2016.0,Casual,Casio Enticer Men Silver-Toned Dial Chronograph Watch BS062
17359,Men,Accessories,Accessories,Accessory Gift Set,Purple,Fall,2011.0,Formal,Arrow Men Formal Purple Tie+Cufflink+Pocket square - Combo Pack
20566,Women,Accessories,Bags,Handbags,Purple,Winter,2015.0,Casual,Baggit Women Penguin Baby Purple Handbag
20459,Women,Accessories,Bags,Handbags,Purple,Winter,2016.0,Casual,Baggit Women Libra Jhuti Purple Handbag
25640,Men,Accessories,Watches,Watches,White,Winter,2016.0,Casual,Fastrack Men White Casual Watch
3382,Women,Accessories,Bags,Handbags,Brown,Winter,2015.0,Casual,Murcia Brown Solid Shoulder Bag
54345,Men,Accessories,Socks,Socks,White,Summer,2016.0,Casual,Levis Men Pack of 3 Socks
58867,Men,Accessories,Cufflinks,Cufflinks,Steel,Summer,2012.0,Casual,Hakashi Men Steel Cufflinks
29423,Men,Accessories,Watches,Watches,Copper,Winter,2016.0,Casual,Giordano Men Copper & Black Dial Watch
57917,Men,Accessories,Socks,Socks,White,Summer,2016.0,Casual,Fruit of the Loom Men White Pack of Three Socks
58589,Women,Accessories,Jewellery,Necklace and Chains,Orange,Winter,2016.0,Casual,ToniQ Women Orange Necklace
31703,Women,Accessories,Jewellery,Earrings,Silver,Winter,2016.0,Ethnic,Fabindia Women Ananya Silver Earrings
33415,Women,Accessories,Bags,Handbags,Purple,Fall,2012.0,Casual,Baggit Women Quick Jhuti Purple Handbag
16942,Women,Accessories,Eyewear,Sunglasses,Purple,Winter,2016.0,Casual,Image Women Classic Eyewear Purple  Sunglasses
1598,Women,Accessories,Bags,Handbags,Blue,Summer,2011.0,Travel,Geonaute Women Blue Outdoor Bag
48989,Women,Accessories,Jewellery,Ring,Silver,Summer,2012.0,Casual,Lucera Women Silver Ring
36788,Men,Accessories,Watches,Watches,White,Winter,2016.0,Casual,Maxima Men White Dial Attivo Watch
25216,Women,Accessories,Bags,Handbags,Pink,Winter,2015.0,Casual,Lino Perros Women Pink Handbag
35307,Women,Accessories,Jewellery,Earrings,Gold,Winter,2016.0,Ethnic,Fabindia Women Ananya Gold Earrings
23510,Men,Accessories,Watches,Watches,Black,Winter,2016.0,Casual,ADIDAS Men Black Dial Watch
11151,Men,Accessories,Ties,Ties,Grey,Fall,2011.0,Formal,Indigo Nation Men Check Grey Ties
58189,Women,Accessories,Bags,Handbags,Grey,Summer,2012.0,Casual,Rocky S Women Grey Handbag
53895,Women,Accessories,Bags,Handbags,Pink,Summer,2012.0,Casual,Kiara Women Pink Handbag
45925,Men,Accessories,Watches,Watches,White,Winter,2016.0,Casual,Maxima Men White Dial Watch
32009,Men,Accessories,Socks,Socks,Black,Summer,2016.0,Casual,Playboy Men Purple & Black Socks
52575,Women,Accessories,Bags,Clutches,Black,Summer,2012.0,Casual,Mod'acc Women Black Clutch
45908,Men,Accessories,Watches,Watches,White,Winter,2016.0,Casual,Maxima Ssteele Men White Dial Watch
18821,Men,Accessories,Wallets,Wallets,Tan,Summer,2011.0,Formal,Peter England Men Statements Tan Wallet
31078,Women,Accessories,Stoles,Stoles,Pink,Summer,2012.0,Ethnic,Fabindia Women Buta Cream Silk Stole
59773,Women,Accessories,Jewellery,Jewellery Set,Gold,Winter,2015.0,Casual,Estelle Women Gold Jewellery Set
7057,Unisex,Accessories,Bags,Backpacks,Navy Blue,Summer,2011.0,Sports,Nike Unisex Barcelona Navy Backpack
7104,Unisex,Accessories,Bags,Backpacks,Grey,Winter,2015.0,Casual,Wildcraft Unisex Grey Backpack
37071,Women,Accessories,Bags,Handbags,Brown,Summer,2012.0,Casual,Lino Perros Women Brown Handbag
17096,Women,Accessories,Wallets,Wallets,Green,Winter,2015.0,Casual,Lino Perros Women Blue Zip Green Wallet
43202,Men,Accessories,Watches,Watches,Grey,Winter,2016.0,Casual,Fastrack Men Grey Dial Watch
12414,Men,Accessories,Wallets,Wallets,Black,Fall,2011.0,Casual,Reid & Taylor Men Casual Black Wallets
15945,Men,Accessories,Wallets,Wallets,Brown,Fall,2011.0,Casual,Turtle Men Leather Brown Wallets
7088,Unisex,Accessories,Bags,Backpacks,Blue,Winter,2015.0,Casual,Wildcraft Unisex Blue & Black Backpack
38185,Women,Accessories,Eyewear,Sunglasses,Gold,Winter,2016.0,Casual,Miami Blues Women Sunglasses
49268,Men,Accessories,Socks,Socks,Brown,Summer,2016.0,Casual,Arrow Men Pack of 5 Plating Design Socks
30280,Men,Accessories,Eyewear,Sunglasses,White,Summer,2017.0,Casual,Speedo Men Sheet Sunglasses
44265,Men,Accessories,Wallets,Wallets,Black,Summer,2012.0,Casual,Hidekraft Men Black Wallet
10323,Women,Accessories,Bags,Handbags,Black,Winter,2015.0,Casual,Murcia Women Lambretta Green Black Handbags
45115,Men,Accessories,Watches,Watches,Silver,Winter,2016.0,Casual,Casio Enticer Men Silver Analogue Watch MTP-1239D-7ADF(A205)
41038,Men,Accessories,Watches,Watches,Brown,Winter,2016.0,Casual,Nautica Men Brown Dial Watch
48022,Women,Accessories,Watches,Watches,White,Winter,2016.0,Casual,Helix Women White Dial Watch
54870,Women,Accessories,Jewellery,Necklace and Chains,Gold,Summer,2013.0,Casual,Ivory Tag Women Colour Beam Multicolour Necklace
49011,Women,Accessories,Jewellery,Ring,Silver,Summer,2013.0,Casual,Lucera Women Silver Ring
8649,Unisex,Accessories,Eyewear,Sunglasses,Brown,Winter,2016.0,Casual,Fastrack Unisex Bikers Sunglasses P040BR2
33925,Women,Accessories,Watches,Watches,Black,Winter,2016.0,Casual,Citizen Women Black Dial Watch
12441,Men,Accessories,Wallets,Wallets,Black,Fall,2011.0,Casual,Timberland Men Casual Black Wallet
16108,Men,Accessories,Eyewear,Sunglasses,Brown,Winter,2016.0,Casual,M tv Men My Fab Eyewear Brown Sunglasses
37874,Men,Accessories,Wallets,Wallets,Brown,Summer,2012.0,Casual,Hidekraft Men Brown Wallet
28200,Men,Accessories,Eyewear,Sunglasses,Copper,Winter,2016.0,Casual,Ray-Ban Men Active Lifestyle Copper Sunglasses
58472,Men,Accessories,Wallets,Wallets,Brown,Winter,2016.0,Casual,Fossil Men Brown Wallet
38017,Women,Accessories,Watches,Watches,Blue,Winter,2016.0,Casual,Q&Q Women Blue Watch
29113,Women,Accessories,Socks,Socks,White,Summer,2012.0,Casual,Puma Women Pack of 3 Socks
25172,Women,Accessories,Bags,Handbags,Brown,Winter,2015.0,Casual,Lino Perros Women Leatherite Brown Handbag
54623,Men,Accessories,Watches,Watches,Black,Winter,2016.0,Casual,Fastrack Men Black Dial Watch
35031,Women,Accessories,Stoles,Stoles,Blue,Summer,2012.0,Casual,Fabindia Women Blue Stole
23284,Men,Accessories,Watches,Watches,Black,Winter,2016.0,Casual,Maxima Ssteele Men Black Watch
58162,Women,Accessories,Wallets,Wallets,White,Fall,2012.0,Casual,Rocky S Women White Wallet
41521,Men,Accessories,Socks,Socks,Navy Blue,Summer,2016.0,Casual,Basics Men Set of 3 Socks
42067,Men,Accessories,Wallets,Wallets,Black,Summer,2012.0,Casual,American Tourister Men Black Slim Fold Wallet
29223,Men,Accessories,Socks,Socks,White,Fall,2014.0,Sports,Fila Men Pack Of 3 Socks
39021,Men,Accessories,Watches,Watches,Navy Blue,Winter,2016.0,Casual,CASIO ENTICER Men Navy Dial Analogue Watch A629
36906,Men,Accessories,Watches,Watches,Grey,Winter,2016.0,Casual,Fossil Men Grey Dial Watch ME1114
16013,Men,Accessories,Scarves,Scarves,Navy Blue,Fall,2011.0,Casual,Turtle Check Men Navy Blue Scarf
37687,Unisex,Accessories,Bags,Backpacks,Brown,Summer,2012.0,Casual,American Tourister Unisex Brown Backpack
27749,Men,Accessories,Wallets,Wallets,Black,Winter,2015.0,Casual,Bulchee Men Black Wallet
38756,Women,Accessories,Bags,Handbags,Fluorescent Green,Summer,2012.0,Casual,Nike Fluorescent Green Tote Bag
29724,Women,Accessories,Bags,Handbags,Peach,Summer,2012.0,Casual,Kiara Women Leatherette Peach Handbag
8126,Men,Accessories,Belts,Belts,Brown,Winter,2016.0,Casual,Fastrack Men Non Leather Brown Belts
53907,Women,Accessories,Bags,Handbags,Maroon,Summer,2012.0,Casual,Kiara Women Maroon Handbag
21782,Men,Accessories,Belts,Belts,Brown,Fall,2011.0,Casual,Fossil Men Edsel Brown Belt
40546,Women,Accessories,Watches,Watches,Black,Winter,2016.0,Casual,Titan Raga Women Black Dial Watch
48135,Women,Accessories,Wallets,Wallets,Teal,Winter,2016.0,Casual,Fossil Women Teal Green Wallet
21556,Women,Accessories,Bags,Handbags,Pink,Winter,2015.0,Casual,Kiara Women Classic Pink Handbag
35336,Women,Accessories,Jewellery,Pendant,Silver,Winter,2016.0,Ethnic,Fabindia Women Ananya Silver Pendant
25318,Men,Accessories,Watches,Watches,White,Summer,2017.0,Casual,Casio Edifice Men Multi-Dial Watch EF-326D-7AVDF(ED337)
43822,Women,Accessories,Jewellery,Earrings,White,Summer,2012.0,Ethnic,Royal Diadem White Earrings
28211,Men,Accessories,Eyewear,Sunglasses,Brown,Winter,2016.0,Casual,Ray-Ban Men Caribbean Brown Sunglasses
5853,Women,Accessories,Bags,Handbags,Blue,Summer,2011.0,Casual,ADIDAS Women Blue Handbag
53105,Women,Accessories,Jewellery,Earrings,Silver,Winter,2016.0,Casual,Fabindia Silver Earrings
1925,Unisex,Accessories,Bags,Backpacks,Black,Fall,2010.0,Sports,Quechua Black Bag
57236,Women,Accessories,Bags,Handbags,Burgundy,Summer,2012.0,Casual,Murcia Women Burgundy Handbag
33372,Women,Accessories,Bags,Mobile Pouch,Purple,Summer,2012.0,Casual,Baggit Women Purple Mobile Pouch
45155,Men,Accessories,Watches,Watches,Black,Winter,2016.0,Casual,CASIO ENTICER Men Black Dial Analogue Watch A499
10387,Men,Accessories,Watches,Watches,Black,Winter,2016.0,Casual,Puma Men Indication  178 Black Watches
18794,Unisex,Accessories,Bags,Handbags,Beige,Fall,2010.0,Casual,Peter England Unisex Casual Beige Bag
7086,Women,Accessories,Bags,Wallets,Blue,Winter,2015.0,Casual,Wildcraft Women Blue Printed Wallet
7121,Unisex,Accessories,Bags,Backpacks,Black,Winter,2015.0,Casual,Wildcraft Unisex Black & Grey Solstice Backpack
58639,Men,Accessories,Socks,Socks,Black,Summer,2013.0,Casual,Fila Men Black Ankle Socks
22675,Unisex,Accessories,Bags,Backpacks,Blue,Winter,2015.0,Travel,Wildcraft Unisex Blue Backpack
48163,Women,Accessories,Wallets,Wallets,Blue,Winter,2016.0,Casual,Fossil Women Blue Wallet
46132,Women,Accessories,Jewellery,Necklace and Chains,Blue,Summer,2012.0,Casual,Adrika Blue Necklace
45296,Women,Accessories,Watches,Watches,White,Winter,2016.0,Casual,Casio Sheen Women White Analogue Watches (SX044) SHE-3801GL-7ADR
47148,Women,Accessories,Bags,Handbags,Black,Summer,2015.0,Casual,Be For Bag Women Combo pack Tote Bags
25245,Women,Accessories,Bags,Handbags,Orange,Summer,2012.0,Casual,Lino Perros Women Leatherette Orange Handbag
51174,Men,Accessories,Socks,Socks,Brown,Summer,2016.0,Casual,Raymond Men Brown Socks
42910,Women,Accessories,Belts,Belts,Tan,Summer,2012.0,Casual,French Connection Women Tan Belt
25740,Men,Accessories,Wallets,Wallets,Black,Fall,2011.0,Casual,Wrangler Men Casual Black Wallet
17098,Women,Accessories,Wallets,Wallets,Black,Winter,2015.0,Casual,Lino Perros Women Flower Black Wallet
45231,Men,Accessories,Watches,Watches,Black,Winter,2016.0,Casual,Casio Youth Series Men Analog-Digital Watch AQ-190WD-1AVDFAD160
51652,Men,Accessories,Watches,Watches,Black,Winter,2016.0,Casual,Fossil Men Black Dial Chronograph Watch FS4552
40511,Men,Accessories,Watches,Watches,White,Winter,2016.0,Casual,Titan Men White Dial Watch
45254,Men,Accessories,Watches,Watches,Black,Winter,2016.0,Casual,Casio EDIFICE ED142 EF-503L-1AVDF
16105,Women,Accessories,Eyewear,Sunglasses,Purple,Winter,2016.0,Casual,M tv Women My Fab Eyewear Purple Sunglasses
49534,Women,Accessories,Bags,Clutches,Black,Summer,2010.0,Casual,Rocia Women Black Clutch
51956,Women,Accessories,Bags,Handbags,Olive,Summer,2012.0,Casual,Yelloe Women Olive Sling Bag
50827,Men,Accessories,Wallets,Wallets,Black,Summer,2012.0,Casual,New Hide Men Black Wallet
29994,Women,Accessories,Watches,Watches,Black,Winter,2016.0,Casual,Aspen Women Black Dial Watch
52570,Women,Accessories,Bags,Clutches,Grey,Summer,2012.0,Casual,Mod'acc Women Grey Clutch
14886,Women,Accessories,Bags,Handbags,Black,Summer,2011.0,Casual,United Colors of Benetton Women Solid Black Handbags
37503,Men,Accessories,Watches,Watches,Black,Winter,2016.0,Casual,Esprit Men Black Watch
42918,Women,Accessories,Wallets,Wallets,Black,Summer,2012.0,Casual,French Connection Women Black Wallet
25732,Men,Accessories,Belts,Belts,Brown,Summer,2012.0,Casual,Wrangler Men Brown Leather Belt
19220,Men,Accessories,Ties,Ties,Grey,Summer,2011.0,Formal,United Colors of Benetton Men Check Grey Tie
54381,Women,Accessories,Wallets,Wallets,Black,Summer,2012.0,Casual,Baggit Women Black Wallet
38317,Men,Accessories,Wallets,Wallets,Black,Summer,2012.0,Casual,Puma Men Black Big Cat Wallet
26438,Women,Accessories,Bags,Handbags,Blue,Winter,2015.0,Casual,Spice Art Women Beaded Bow Blue Handbag
53085,Women,Accessories,Jewellery,Necklace and Chains,Blue,Winter,2016.0,Casual,Fabindia Blue Necklace
48731,Men,Accessories,Jewellery,Bangle,Steel,Summer,2012.0,Casual,Revv Men Steel Bangle
13721,Men,Accessories,Headwear,Caps,Blue,Fall,2011.0,Casual,Proline Men Blue Patterned Beanie
37003,Women,Accessories,Bags,Handbags,Blue,Summer,2012.0,Casual,Lino Perros Women Blue Sling Bag
25113,Women,Accessories,Bags,Clutches,Silver,Winter,2015.0,Casual,Lino Perros Women Gems Silver Clutch
34128,Men,Accessories,Belts,Belts,Black,Summer,2012.0,Formal,Turtle Men Reversible Leather Black Belt
44282,Unisex,Accessories,Bags,Backpacks,Grey,Summer,2012.0,Casual,Skybags Unisex Grey Backpack
58276,Women,Accessories,Bags,Handbags,Purple,Summer,2012.0,Casual,Baggit Women Purple Handbag
37064,Women,Accessories,Belts,Belts,Purple,Summer,2012.0,Casual,Lino Perros Women Purple Belt
51672,Men,Accessories,Eyewear,Sunglasses,Silver,Winter,2016.0,Casual,Louis Philippe Men Maroon Sunglasses
31719,Women,Accessories,Jewellery,Earrings,Silver,Winter,2016.0,Ethnic,Fabindia Women Anusuya Silver Earrings
49684,Men,Accessories,Ties,Ties,Blue,Summer,2012.0,Formal,Park Avenue Men Blue Tie
40002,Men,Accessories,Eyewear,Sunglasses,Steel,Winter,2016.0,Casual,Park Avenue Men Sunglasses
2664,Women,Accessories,Bags,Handbags,Brown,Winter,2015.0,Casual,Murcia   Bag
59552,Women,Accessories,Jewellery,Bracelet,Silver,Summer,2015.0,Casual,Lucera Silver Bracelet
1566,Men,Accessories,Headwear,Caps,Black,Summer,2011.0,Sports,Artengo Men Black Cap
43861,Women,Accessories,Jewellery,Earrings,Maroon,Summer,2012.0,Casual,Royal Diadem Maroon Earrings
25181,Women,Accessories,Bags,Handbags,Brown,Winter,2015.0,Casual,Lino Perros Women Leatherite Brown Handbag
58610,Women,Accessories,Jewellery,Earrings,Silver,Winter,2016.0,Casual,ToniQ Women Silver Earrings
7071,Unisex,Accessories,Bags,Backpacks,Green,Winter,2015.0,Casual,Wildcraft Unisex Green Printed Backpack
15293,Unisex,Accessories,Bags,Handbags,Blue,Fall,2011.0,Casual,ADIDAS Originals Unisex ST Airline Blue Bags
5074,Women,Accessories,Watches,Watches,Pink,Winter,2016.0,Casual,Being Human Women Pink Silicon Strap with Stones Watch
53981,Women,Accessories,Bags,Handbags,Yellow,Summer,2012.0,Casual,Kiara Women Burnt Yellow Sling Bag
21704,Men,Accessories,Watches,Watches,Black,Winter,2016.0,Casual,Fossil Men Black Dial Watch FS4576
35118,Women,Accessories,Jewellery,Necklace and Chains,Silver,Fall,2012.0,Casual,Allen Solly Woman Silver Necklace
58178,Women,Accessories,Bags,Handbags,Grey,Summer,2012.0,Casual,Rocky S Women Grey Handbag
36392,Men,Accessories,Socks,Socks,Grey,Summer,2016.0,Casual,Reid & Taylor Men Grey Socks
8681,Unisex,Accessories,Eyewear,Sunglasses,Blue,Winter,2016.0,Casual,Fastrack Unisex Sunglasses
58099,Women,Accessories,Jewellery,Pendant,Blue,Fall,2012.0,Casual,Rreverie Women Blue Pendant
51343,Men,Accessories,Socks,Socks,Blue,Summer,2016.0,Casual,Raymond Men Blue Socks
29103,Unisex,Accessories,Bags,Backpacks,Navy Blue,Summer,2012.0,Casual,Puma Unisex Big Cat Navy Blue Backpack
30001,Women,Accessories,Watches,Watches,White,Winter,2016.0,Casual,Aspen Women White Dial Watch
31817,Men,Accessories,Watches,Watches,Black,Winter,2016.0,Casual,Titan Men Chronograph Black Dial Watch
25429,Men,Accessories,Belts,Belts,Green,Summer,2012.0,Casual,Lee Men Canvas Green Belt
27778,Men,Accessories,Wallets,Wallets,Brown,Winter,2015.0,Casual,Bulchee Men Brown Wallet
48138,Women,Accessories,Wallets,Wallets,Purple,Summer,2012.0,Casual,Fossil Women Purple Wallet
30560,Men,Accessories,Eyewear,Sunglasses,Gold,Winter,2016.0,Casual,Opium Men Aviator Gold Sunglasses
17374,Men,Accessories,Accessories,Accessory Gift Set,Purple,Fall,2011.0,Formal,Arrow Men Formal Purple Tie+Cufflink+Pocket square - Combo Pack
48613,Women,Accessories,Jewellery,Earrings,Silver,Summer,2013.0,Casual,Lucera Women Silver Earrings
53577,Women,Accessories,Watches,Watches,White,Winter,2016.0,Casual,Q&Q Women White Dial Watch
18829,Men,Accessories,Belts,Belts,Tan,Summer,2011.0,Formal,Peter England Men Formal Tan Belt
33375,Women,Accessories,Wallets,Wallets,Brown,Summer,2012.0,Casual,Baggit Women Leather Brown Wallet
58300,Men,Accessories,Socks,Socks,Black,Summer,2016.0,Sports,Jockey LCESCBRA Men Pack of 3 Socks 2004
44594,Men,Accessories,Belts,Belts,Black,Summer,2012.0,Formal,Van Heusen Men Black and Brown Reversible Belt
58449,Men,Accessories,Watches,Watches,Black,Winter,2016.0,Casual,Fossil Men Black Dial Chronograph Watch FS4658
20925,Women,Accessories,Bags,Handbags,Black,Winter,2016.0,Casual,Fastrack Women Leatherette Black Sling Bag
43776,Women,Accessories,Jewellery,Earrings,White,Summer,2012.0,Ethnic,Royal Diadem White & Green Earrings
52836,Women,Accessories,Jewellery,Earrings,Red,Fall,2012.0,Casual,Adrika Women Red & Gold Earrings
20558,Women,Accessories,Bags,Mobile Pouch,Red,Winter,2015.0,Casual,Baggit Women Sawari Rose Red Mobile Pouch
52851,Women,Accessories,Jewellery,Earrings,Black,Summer,2012.0,Casual,Adrika Black Earrings
32293,Men,Accessories,Watches,Watches,Black,Winter,2016.0,Casual,Q&Q Men Black Dial Watch
33611,Women,Accessories,Wallets,Wallets,Brown,Summer,2012.0,Casual,Lino Perros Women Brown Wallet
48801,Women,Accessories,Jewellery,Pendant,Silver,Summer,2015.0,Casual,Lucera Women Silver Pendant
32335,Men,Accessories,Watches,Watches,Silver,Winter,2016.0,Casual,Q&Q Men Silver-Toned Dial Analogue Watch Q252J404Y
17458,Men,Accessories,Watches,Watches,Black,Winter,2016.0,Casual,CASIO G-Shock Men Black Analogue-Digital Watch GA-100-1A4DR G272
29212,Women,Accessories,Socks,Socks,White,Fall,2014.0,Sports,Fila Women White Socks
43792,Women,Accessories,Jewellery,Earrings,Gold,Summer,2012.0,Ethnic,Royal Diadem Gold & Pink Earrings
3720,Men,Accessories,Belts,Belts,Blue,Summer,2011.0,Casual,Lee Men Blue Canvas Belt
34873,Women,Accessories,Bags,Handbags,Multi,Summer,2012.0,Casual,Envirosax Women Multi Coloured Bag
32611,Men,Accessories,Belts,Belts,Brown,Spring,2013.0,Casual,Levitate Men Brown Leather Belt
47407,Women,Accessories,Wallets,Wallets,Purple,Summer,2012.0,Casual,Baggit Women Purple Wallet
58096,Women,Accessories,Jewellery,Pendant,Blue,Fall,2012.0,Casual,Rreverie Women Blue Pendant
58111,Women,Accessories,Jewellery,Earrings,Silver,Fall,2012.0,Casual,Rreverie Silver Earrings
34464,Unisex,Accessories,Accessories,Travel Accessory,Red,Summer,2012.0,Casual,ADIDAS Unisex Red Organizer Bag
48603,Women,Accessories,Jewellery,Earrings,Silver,Summer,2013.0,Casual,Lucera Women Silver Earrings
49530,Women,Accessories,Bags,Clutches,Red,Summer,2012.0,Casual,Rocia Women Red Purse
43207,Women,Accessories,Watches,Watches,Grey,Winter,2016.0,Casual,Fastrack Women Grey Dial Watch
36048,Unisex,Accessories,Bags,Backpacks,Mustard,Summer,2012.0,Casual,OTLS Unisex Mustard Brown Backpack
25888,Unisex,Accessories,Bags,Backpacks,Blue,Winter,2015.0,Casual,American Tourister Unisex Casual Blue Bag
47360,Women,Accessories,Bags,Handbags,Green,Summer,2012.0,Casual,Baggit Women Green Bag
24444,Men,Accessories,Socks,Socks,Grey,Fall,2011.0,Casual,ADIDAS Originals Men Grey Socks
38231,Women,Accessories,Eyewear,Sunglasses,Black,Winter,2016.0,Casual,Polaroid Women Sunglasses
46507,Men,Accessories,Watches,Watches,Black,Winter,2016.0,Casual,Timex Empera Men Black Dial Watch NL13
33922,Women,Accessories,Watches,Watches,Blue,Winter,2016.0,Casual,Citizen Women Blue Dial Watch
49533,Women,Accessories,Bags,Clutches,Gold,Summer,2012.0,Casual,Rocia Women Gold Clutch
43198,Women,Accessories,Watches,Watches,Black,Winter,2016.0,Casual,Fastrack Women Black Dial Watch
53109,Women,Accessories,Jewellery,Earrings,Silver,Winter,2016.0,Casual,Fabindia Silver Earrings
29010,Men,Accessories,Bags,Duffel Bag,Black,Summer,2012.0,Casual,Cabarelli Men Black Duffle Bag
37232,Men,Accessories,Wallets,Wallets,Brown,Summer,2012.0,Casual,United Colors of Benetton Men Leather Brown Wallet
38313,Men,Accessories,Eyewear,Sunglasses,Metallic,Winter,2016.0,Casual,Idee Men Metallic Frame Sunglasses
36883,Men,Accessories,Belts,Belts,Brown,Summer,2012.0,Casual,Fossil Men Brown Ashton Belt
54812,Women,Accessories,Bags,Handbags,Grey,Summer,2010.0,Casual,Ivory Tag Grey Fur Handbag
45000,Men,Accessories,Watches,Watches,Grey,Winter,2016.0,Casual,Maxima Men Black Digital Watch
36651,Women,Accessories,Wallets,Wallets,Red,Summer,2012.0,Casual,Paridhan Women Red Coin Pouch Wallet
25668,Men,Accessories,Watches,Watches,Silver,Winter,2016.0,Casual,Fastrack Men Silver Casual Watch
46162,Women,Accessories,Jewellery,Necklace and Chains,Brown,Winter,2015.0,Casual,Adrika Women Brown Necklace
48188,Women,Accessories,Bags,Handbags,Multi,Winter,2016.0,Casual,Fossil Women Multi Coloured Jules Tote Handbag
16847,Men,Accessories,Eyewear,Sunglasses,Brown,Winter,2016.0,Casual,Idee Men Funky Eyewear Brown Sunglasses
12736,Unisex,Accessories,Socks,Socks,Grey,Fall,2011.0,Sports,Nike Kids Sport Hi Quarter Pack of 3 Socks
17089,Women,Accessories,Wallets,Wallets,Blue,Winter,2015.0,Casual,Lino Perros Women Blue Zip Blue Wallet
46469,Men,Accessories,Watches,Watches,Blue,Winter,2016.0,Casual,Timex Men Blue Dial Chronograph Watch
35104,Men,Accessories,Wallets,Wallets,Black,Summer,2012.0,Casual,Allen Solly Men Black Card Holder
45028,Men,Accessories,Watches,Watches,White,Winter,2016.0,Casual,Maxima Men White Dial Watch 24132LMGT
8704,Women,Accessories,Eyewear,Sunglasses,Red,Winter,2016.0,Casual,Fastrack Women Hip Hop Sunglasses
51699,Unisex,Accessories,Eyewear,Sunglasses,Silver,Winter,2016.0,Casual,Van Heusen Unisex Blue Aviator Sunglasses VH217-C2
11124,Men,Accessories,Bags,Laptop Bag,Black,Fall,2011.0,Casual,United Colors of Benetton Men Laptop Carry Black Bags
27467,Women,Apparel,Innerwear,Briefs,Skin,Winter,2015.0,Casual,Jockey Women Skin Bikini Brief
11785,Women,Apparel,Topwear,Tshirts,Black,Summer,2011.0,Casual,Lee Women Solid Black Tshirts
45780,Women,Apparel,Topwear,Tunics,Black,Summer,2012.0,Casual,Remanika Women Black Tunic
9162,Men,Apparel,Bottomwear,Jeans,Blue,Fall,2011.0,Casual,Locomotive Men Callum Blue Jeans
55599,Men,Apparel,Topwear,Shirts,Blue,Summer,2012.0,Casual,Peter England Men Blue Shirt
14010,Men,Apparel,Topwear,Tshirts,Green,Fall,2011.0,Casual,Nike Men Printed Green Tshirts
13250,Men,Apparel,Bottomwear,Trousers,Beige,Fall,2011.0,Casual,Palm Tree Kids Boy Solid Beige Trousers
27506,Women,Apparel,Innerwear,Bra,Red,Winter,2015.0,Casual,Jockey Women Red T-shirt Bra SS 14
11166,Men,Apparel,Topwear,Shirts,Purple,Fall,2011.0,Formal,John Miller Men Solid Purple Shirt
54589,Women,Apparel,Topwear,Kurtas,Green,Summer,2012.0,Ethnic,Sushilas Women Printed Green Kurta
7917,Men,Apparel,Topwear,Tshirts,Red,Fall,2011.0,Casual,Proline Men Red & White Striped Polo T-shirt
6686,Men,Apparel,Topwear,Tshirts,Red,Summer,2011.0,Casual,UCB Men's Big Ben Logo Red T-shirt
5824,Men,Apparel,Topwear,Tshirts,Green,Summer,2011.0,Casual,ADIDAS Men's Dude Green T-shirt
43064,Men,Apparel,Topwear,Tshirts,Black,Summer,2012.0,Casual,Nike Men Black Dutch T-shirt
1863,Men,Apparel,Topwear,Tshirts,Black,Summer,2011.0,Casual,Inkfruit Men Night Wolf T-shirt
6036,Women,Apparel,Topwear,Tshirts,Black,Summer,2011.0,Casual,UCB Womens Photographic Print Black T-shirt
27269,Women,Apparel,Topwear,Kurtas,Green,Fall,2011.0,Ethnic,Mother Earth Women Printed Green Kurta
9553,Men,Apparel,Topwear,Tshirts,Black,Summer,2011.0,Casual,Nike Men As Ad Badge Black T-Shirts
16468,Men,Apparel,Topwear,Shirts,Blue,Fall,2011.0,Casual,Locomotive Men Check Blue Shirt
30647,Men,Apparel,Topwear,Tshirts,Black,Summer,2012.0,Casual,Nike Men U Logo Black T-shirt
34222,Men,Apparel,Topwear,Tshirts,White,Summer,2013.0,Casual,Proline White Polo T-shirt
57815,Women,Apparel,Topwear,Tops,Brown,Fall,2012.0,Casual,United Colors of Benetton Women Dark Brown Top
51319,Unisex,Apparel,Topwear,Rain Jacket,Black,Summer,2012.0,Casual,Wildcraft Unisex Black Poncho Rain Jacket
59730,Women,Apparel,Innerwear,Shapewear,White,Summer,2014.0,Casual,Avirate White Wired Corset Shapewear
6601,Women,Apparel,Topwear,Tshirts,Pink,Summer,2011.0,Casual,Spykar Women's Peep Pink T-shirt
28802,Men,Apparel,Bottomwear,Jeans,Blue,Summer,2012.0,Casual,Denizen Men Blue Jeans
27410,Women,Apparel,Loungewear and Nightwear,Lounge Pants,Multi,Summer,2018.0,Casual,Jockey Women Assorted Lounge Pants
57109,Women,Apparel,Topwear,Tunics,Blue,Summer,2012.0,Casual,Elle Women Blue Tunic
51450,Women,Apparel,Dress,Dresses,Brown,Summer,2012.0,Casual,Tonga Women Brown Dress
5417,Girls,Apparel,Topwear,Tshirts,Blue,Summer,2011.0,Casual,Ant Kids Girls Blue T-shirt
40055,Men,Apparel,Topwear,Tshirts,Blue,Summer,2012.0,Sports,ADIDAS Men Blue Basketball Jersey
10056,Men,Apparel,Bottomwear,Tracksuits,Black,Fall,2011.0,Sports,ADIDAS Men Cfc Pes Black Tracksuits
18616,Men,Apparel,Topwear,Tshirts,Red,Fall,2011.0,Sports,Puma Men Team Essential  lollipop-Red Tshirts
21117,Men,Apparel,Topwear,Shirts,White,Fall,2011.0,Casual,s.Oliver Men Solid White Shirt
19632,Men,Apparel,Topwear,Tshirts,Grey,Summer,2011.0,Casual,United Colors of Benetton Men Solid Grey Tshirt
8189,Men,Apparel,Topwear,Shirts,Blue,Summer,2011.0,Casual,Locomotive Men Solid Poplin Laird Blue Shirts
21227,Men,Apparel,Topwear,Tshirts,Orange,Summer,2012.0,Casual,Basics Men Orange Printed Polo T-shirt
39125,Women,Apparel,Bottomwear,Leggings,Purple,Fall,2012.0,Casual,Aneri Women Purple Leggings
13255,Men,Apparel,Bottomwear,Shorts,White,Fall,2011.0,Casual,Palm Tree Kids Boys Check White Shorts
19108,Men,Apparel,Topwear,Tshirts,Beige,Summer,2016.0,Casual,Campbell Men Pack of 3 Solid Tshirts
9995,Women,Apparel,Bottomwear,Skirts,Pink,Summer,2011.0,Casual,Gini And Jony Girls Su Scotia Sko Pink Skirts
20318,Men,Apparel,Topwear,Shirts,Maroon,Summer,2011.0,Casual,Mother Earth Men Solid Maroon Shirt
39533,Women,Apparel,Innerwear,Bra,Black,Summer,2016.0,Casual,Bwitch Black Bra
5152,Women,Apparel,Topwear,Tshirts,Pink,Summer,2011.0,Casual,Wrangler Women Braided Shoulder Mauve T-shirt
15032,Women,Apparel,Topwear,Sweaters,Blue,Fall,2011.0,Casual,ADIDAS Women Stripes Blue Sweaters
30921,Women,Apparel,Bottomwear,Trousers,Blue,Summer,2012.0,Ethnic,Fabindia Women Blue Harem Pants
4866,Men,Apparel,Topwear,Tshirts,Black,Summer,2011.0,Sports,ADIDAS Men Black Chelsea Away Jersey
8825,Men,Apparel,Topwear,Shirts,White,Fall,2011.0,Casual,Spykar Men Ranger Blue-White Stripes Shirts
14296,Men,Apparel,Topwear,Tshirts,Green,Fall,2011.0,Casual,Classic Polo Men Printed pack of 3 Tshirts
22585,Men,Apparel,Bottomwear,Track Pants,Grey,Fall,2011.0,Casual,Nike Men Grey Track Pants
15804,Men,Apparel,Innerwear,Briefs,Grey,Summer,2016.0,Casual,Facit Men Fusion Brie Grey Briefs
30337,Men,Apparel,Topwear,Tshirts,Red,Summer,2012.0,Casual,Myntra Men You Have Rite to Remain Silent Red T-shirt
45653,Men,Apparel,Innerwear,Briefs,Grey,Summer,2016.0,Casual,Park Avenue Men Grey & Black Brief
25406,Men,Apparel,Topwear,Tshirts,White,Summer,2012.0,Sports,Nike Men White T-shirt
41777,Women,Apparel,Topwear,Tops,Pink,Summer,2012.0,Casual,Remanika Women Pink Top
42263,Men,Apparel,Bottomwear,Jeans,Blue,Summer,2012.0,Casual,John Players Men Blue Jeans
44313,Men,Apparel,Bottomwear,Trousers,Beige,Summer,2012.0,Casual,Indian Terrain Men Beige Trousers
51187,Women,Apparel,Innerwear,Bra,Pink,Fall,2012.0,Casual,Enamor Pink Bra
19091,Women,Apparel,Topwear,Kurtis,Navy Blue,Fall,2011.0,Ethnic,W Women Gathered Design Navy Blue Kurti
31064,Women,Apparel,Topwear,Dupatta,Off White,Summer,2012.0,Ethnic,Fabindia Women Printed Off White Dupatta
12066,Women,Apparel,Topwear,Kurtas,Black,Fall,2011.0,Ethnic,W Women Printed Black Kurtas
31549,Men,Apparel,Topwear,Tshirts,White,Summer,2012.0,Casual,Classic Polo Men Striped White T-shirt
23040,Men,Apparel,Bottomwear,Trousers,Charcoal,Summer,2011.0,Formal,Arrow Men Charcoal Solid Trousers
16325,Men,Apparel,Topwear,Tshirts,Purple,Fall,2011.0,Casual,Peter England Men Printed Purple TShirt
24951,Women,Apparel,Topwear,Tshirts,Yellow,Summer,2012.0,Casual,United Colors of Benetton Women Yellow T-shirt
12033,Men,Apparel,Topwear,Shirts,Blue,Fall,2011.0,Formal,Mark Taylor Men Blue Striped Shirt
16376,Men,Apparel,Bottomwear,Trousers,Black,Fall,2011.0,Formal,Peter England Men Stripes Black Trouser
59834,Men,Apparel,Topwear,Shirts,Navy Blue,Summer,2012.0,Casual,United Colors of Benetton Men Navy Blue Shirt
32969,Men,Apparel,Topwear,Tshirts,Blue,Summer,2012.0,Casual,Angry Birds Men Printed Blue T-shirt
12374,Men,Apparel,Topwear,Shirts,White,Fall,2011.0,Formal,Reid & Taylor Men Stripes White Shirts
40661,Women,Apparel,Topwear,Kurtas,Multi,Summer,2012.0,Ethnic,Span Women Multi Coloured Kurta
57072,Women,Apparel,Bottomwear,Jeans,Blue,Summer,2012.0,Casual,Elle Women Blue Jeans
11796,Women,Apparel,Topwear,Kurtas,Green,Fall,2011.0,Ethnic,Vishudh Women Pigment Print Green Kurtas
9662,Men,Apparel,Topwear,Shirts,Blue,Fall,2011.0,Casual,Indigo Nation Men Reversible Bling Blue Shirts
57173,Women,Apparel,Topwear,Tops,Red,Summer,2012.0,Casual,Elle Women Red Top
27991,Men,Apparel,Innerwear,Briefs,Grey,Summer,2016.0,Casual,Jockey ZONE Men Zone Grey Brief US17
30302,Men,Apparel,Topwear,Tshirts,Off White,Summer,2012.0,Casual,Myntra Men Evil Minds Off White T-shirt
12093,Women,Apparel,Topwear,Kurtas,Purple,Fall,2011.0,Ethnic,W Women Printed Purple Kurtas
29702,Men,Apparel,Topwear,Shirts,White,Summer,2012.0,Formal,John Miller Men White Shirt
7795,Men,Apparel,Topwear,Tshirts,Blue,Fall,2011.0,Casual,Proline Men Blue Polo T-shirt
4789,Men,Apparel,Topwear,Tshirts,Grey,Summer,2011.0,Sports,ADIDAS Men's Demon Grey T-shirt
30926,Women,Apparel,Bottomwear,Skirts,Blue,Summer,2012.0,Ethnic,Fabindia Women Blue Ghera Crinkle Skirt
49655,Women,Apparel,Bottomwear,Skirts,Pink,Summer,2012.0,Casual,Mineral Pink & Green Skirt
40256,Men,Apparel,Topwear,Shirts,Blue,Summer,2012.0,Casual,Scullers Men Check Blue Shirt
56253,Men,Apparel,Loungewear and Nightwear,Night suits,Red,Summer,2016.0,Casual,SDL by Sweet Dreams Men Red & Blue Pyjama Set
3322,Boys,Apparel,Topwear,Tshirts,Blue,Summer,2011.0,Sports,KKR Boys Fangear Polo Jersey
16819,Men,Apparel,Bottomwear,Jeans,Blue,Fall,2011.0,Casual,Locomotive Men Washed Blue Jeans
8393,Men,Apparel,Topwear,Tshirts,White,Fall,2012.0,Sports,ADIDAS Men White T-shirt
26419,Men,Apparel,Topwear,Shirts,Green,Summer,2012.0,Casual,Turtle Men Check Green Shirt
33504,Women,Apparel,Dress,Dresses,Pink,Summer,2012.0,Casual,Doodle Kids Girl Printed Pink Dress
52146,Women,Apparel,Topwear,Tshirts,Lavender,Summer,2012.0,Casual,Femella Women Lavender Polo T-Shirt
4225,Men,Apparel,Topwear,Tshirts,Purple,Summer,2011.0,Casual,Probase Men's Tribe Gone Wild Purple T-shirt
34583,Women,Apparel,Topwear,Tops,Peach,Summer,2012.0,Casual,Tonga Women Peach-Coloured Top
44221,Men,Apparel,Topwear,Tshirts,White,Summer,2012.0,Casual,Nike Men White Ronaldo Football T-shirt
3265,Men,Apparel,Topwear,Tshirts,Blue,Summer,2011.0,Casual,Guerrilla Men's Kill You Blue T-shirt
20326,Women,Apparel,Topwear,Tops,Yellow,Summer,2011.0,Casual,Mother Earth Women Printed Yellow Top
42390,Women,Apparel,Topwear,Tshirts,Grey,Summer,2012.0,Casual,Flying Machine Women Grey T-shirt
11468,Men,Apparel,Topwear,Shirts,Blue,Fall,2011.0,Casual,United Colors of Benetton Men Summer Navy Blue Shirt
19746,Men,Apparel,Topwear,Tshirts,Black,Fall,2011.0,Casual,ADIDAS Originals Men Solid Black Tshirt
15028,Women,Apparel,Topwear,Sweatshirts,Navy Blue,Fall,2011.0,Casual,ADIDAS Women Printed Navy Blue Sweatshirts
44918,Men,Apparel,Bottomwear,Shorts,White,Summer,2012.0,Casual,Puma Men White Shorts
13490,Men,Apparel,Bottomwear,Shorts,Blue,Fall,2011.0,Casual,ADIDAS Men Solid Blue Shorts
52511,Women,Apparel,Loungewear and Nightwear,Bath Robe,White,Winter,2015.0,Casual,Red Rose Women White & Blue Striped Bath Robes
32574,Women,Apparel,Topwear,Tops,Black,Summer,2012.0,Casual,Only Women Katie Black Top
42238,Women,Apparel,Topwear,Tunics,Grey,Summer,2012.0,Casual,Sepia Women Grey Tunic
6020,Men,Apparel,Topwear,Tshirts,Red,Summer,2011.0,Casual,UCB Men's Roundneck With Sail Racing Print Red T-shirt
5846,Women,Apparel,Topwear,Tops,White,Summer,2011.0,Casual,ADIDAS Women Roller White Top
11570,Women,Apparel,Topwear,Kurtas,Purple,Summer,2011.0,Ethnic,W Women Printed Purple Kurtas
4916,Women,Apparel,Topwear,Tops,White,Summer,2011.0,Casual,Gini and Jony Girl's Vollie White Infant Kidswear
18895,Women,Apparel,Dress,Dresses,Grey,Fall,2011.0,Casual,Arrow Woman Lida Grey Dress
6722,Men,Apparel,Topwear,Tshirts,Black,Summer,2011.0,Casual,Locomotive Men's Fateeion Black Blue T-shirt
21152,Men,Apparel,Topwear,Tshirts,Red,Fall,2011.0,Casual,s.Oliver Men Red Printed T-shirt
28456,Women,Apparel,Bottomwear,Skirts,Blue,Summer,2012.0,Sports,Urban Yoga Women Blue Skirt With Leggings
18987,Men,Apparel,Topwear,Tshirts,Blue,Summer,2011.0,Casual,ADIDAS Originals Men St Grp Blue T-Shirt
26989,Women,Apparel,Bottomwear,Jeggings,Black,Summer,2012.0,Casual,Jealous 21 Women Black Jeggings
51393,Men,Apparel,Bottomwear,Shorts,White,Summer,2012.0,Casual,Myntra Men Green Check Shorts
12826,Men,Apparel,Topwear,Shirts,White,Fall,2011.0,Casual,Spykar Men Check White Shirts
2154,Men,Apparel,Topwear,Tshirts,White,Spring,2011.0,Casual,Basics Men Red & Grey Polo T-shirt
15609,Men,Apparel,Bottomwear,Shorts,Grey,Summer,2012.0,Sports,Nike Men Trainng Grey Shorts
43504,Men,Apparel,Topwear,Tshirts,Black,Summer,2012.0,Casual,French Connection Men Black Tshirt
15773,Men,Apparel,Innerwear,Briefs,Grey,Summer,2016.0,Casual,Facit Men Trophy BKN Grey Briefs
44632,Men,Apparel,Bottomwear,Track Pants,Grey,Summer,2012.0,Sports,Nike Men Grey AS Sideline Track Pants
47060,Women,Apparel,Bottomwear,Salwar,Blue,Summer,2012.0,Ethnic,Shree Wome Blue & White Jodhpuri Salwar
43657,Women,Apparel,Bottomwear,Shorts,Purple,Summer,2012.0,Casual,ONLY Women Purple Shorts
4768,Men,Apparel,Topwear,Tshirts,White,Summer,2011.0,Sports,ADIDAS Men's F50 ST CL White T-shirt
28005,Men,Apparel,Innerwear,Briefs,Blue,Summer,2016.0,Casual,Jockey ZONE Men Blue Modern Boxer Briefs US19
17182,Men,Apparel,Topwear,Shirts,Purple,Winter,2016.0,Casual,U.S. Polo Assn. Men Solid Purple Shirt
28146,Men,Apparel,Innerwear,Innerwear Vests,Grey Melange,Fall,2018.0,Casual,Jockey Men Grey Melange Self-Striped Innerwear Vest 9922
15752,Men,Apparel,Innerwear,Innerwear Vests,Navy Blue,Summer,2016.0,Casual,Facit Men Bicep Tee Navy Blue Innerwear Vest
1752,Men,Apparel,Topwear,Tshirts,Red,Fall,2010.0,Sports,Lotto Men Red Epic T-shirt
52141,Women,Apparel,Topwear,Tshirts,Blue,Summer,2012.0,Casual,Femella Women Blue Polo T-Shirt
50457,Men,Apparel,Innerwear,Briefs,Black,Summer,2016.0,Casual,Chromozome Men Black & Red Briefs
47506,Men,Apparel,Innerwear,Innerwear Vests,Blue,Summer,2016.0,Casual,Facit Men Blue Innerwear Vest
45988,Women,Apparel,Saree,Sarees,Black,Summer,2012.0,Ethnic,Fabindia Black Mangalagiri Saree
11085,Men,Apparel,Topwear,Shirts,Green,Fall,2011.0,Casual,Scullers Men Check Green Shirts
19187,Men,Apparel,Topwear,Shirts,Grey,Fall,2011.0,Casual,United Colors of Benetton Men Check Grey Shirt
50588,Men,Apparel,Innerwear,Briefs,Blue,Summer,2016.0,Casual,Chromozome Men Blue Briefs
30847,Women,Apparel,Topwear,Kurtas,Maroon,Summer,2012.0,Ethnic,Fabindia Women Printed Maroon Kurta
28695,Women,Apparel,Topwear,Kurtas,Beige,Summer,2012.0,Ethnic,W Women Printed Beige Kurta
12331,Women,Apparel,Bottomwear,Jeans,Blue,Fall,2011.0,Casual,Spykar Women Ep Jeans Blue Jeans
25705,Women,Apparel,Topwear,Tops,Grey,Summer,2012.0,Casual,Mumbai Slang Women Printed Grey Top
32925,Men,Apparel,Topwear,Tshirts,Black,Summer,2012.0,Casual,Status Quo Men Printed Black T-shirt
14783,Men,Apparel,Topwear,Shirts,Purple,Fall,2011.0,Formal,Arrow Men Check Purple Shirts
54942,Men,Apparel,Topwear,Tshirts,Green,Summer,2012.0,Casual,Do u speak green Men Green T-shirt
23207,Men,Apparel,Topwear,Shirts,Blue,Fall,2011.0,Casual,Highlander Men Blue Check Shirt
2058,Men,Apparel,Topwear,Tshirts,Pink,Winter,2010.0,Casual,Lee Men's Solo Storm Rider T-shirt
14674,Men,Apparel,Topwear,Shirts,Yellow,Fall,2011.0,Casual,Basics Men Yellow Slim Fit Shirt
8583,Men,Apparel,Topwear,Waistcoat,Grey,Fall,2011.0,Casual,Scullers Men Dark Grey Waistcoat
27364,Men,Apparel,Topwear,Tshirts,Mustard,Fall,2011.0,Casual,Tantra Men Digi Skull Mustard T-shirt
19110,Men,Apparel,Topwear,Tshirts,Beige,Winter,2016.0,Casual,Campbell Men Pack of 3 Solid Tshirts
52401,Women,Apparel,Loungewear and Nightwear,Nightdress,Blue,Winter,2015.0,Casual,Red Rose Women Blue Nightdress
52363,Women,Apparel,Loungewear and Nightwear,Nightdress,Peach,Winter,2015.0,Casual,Red Rose Women Peach Nightdress
31649,Men,Apparel,Topwear,Shirts,Blue,Summer,2012.0,Formal,Indigo Nation Men Striped Blue Shirt
54713,Women,Apparel,Apparel Set,Kurta Sets,Cream,Fall,2012.0,Ethnic,Shree Women Cream-Coloured & Pink Printed Salwar Suit with Dupatta
19423,Men,Apparel,Topwear,Tshirts,White,Summer,2012.0,Casual,Quiksilver Men White Printed T-shirt
11625,Women,Apparel,Topwear,Kurtas,Red,Summer,2011.0,Ethnic,W Women Printed Red Kurtas
47283,Men,Apparel,Topwear,Tshirts,Purple,Summer,2012.0,Casual,Myntra Men Pack of 3 T-shirt
23313,Women,Apparel,Topwear,Kurtas,Red,Fall,2011.0,Ethnic,W Women Red Printed Kurta
8585,Men,Apparel,Topwear,Shirts,Purple,Fall,2011.0,Casual,Scullers Men Scul Purple Shirts
31371,Men,Apparel,Topwear,Tshirts,Navy Blue,Summer,2012.0,Casual,Locomotive Men Printed Navy Blue T-shirt
19801,Men,Apparel,Topwear,Tshirts,Blue,Fall,2011.0,Casual,U.S. Polo Assn. Men Solid Blue Tshirt
59654,Women,Apparel,Saree,Sarees,Purple,Fall,2012.0,Ethnic,FNF Purple Evening Wear Sari
30600,Boys,Apparel,Topwear,Tshirts,Black,Summer,2012.0,Sports,Nike Boys Black & White Reversible T-shirt
24312,Men,Apparel,Bottomwear,Shorts,Navy Blue,Fall,2011.0,Casual,ADIDAS Men Navy Blue Shorts
27139,Women,Apparel,Innerwear,Bra,White,Summer,2012.0,Casual,Miss-T White Bra
10691,Men,Apparel,Topwear,Tshirts,Green,Fall,2011.0,Casual,Doodle Boy Little Boy Green Tshirts
26788,Men,Apparel,Topwear,Shirts,Brown,Summer,2012.0,Formal,Arrow Men Brown Shirt
25361,Men,Apparel,Innerwear,Trunk,Black,Summer,2016.0,Casual,Levis Men Black & Green Trunks
19858,Men,Apparel,Topwear,Jackets,Black,Fall,2011.0,Casual,U.S. Polo Assn. Men Solid Black Jacket
4806,Men,Apparel,Topwear,Tshirts,Blue,Summer,2011.0,Sports,ADIDAS Men's Edge Polo Steel Blue Polo T-shirt
11626,Women,Apparel,Topwear,Kurtas,Purple,Summer,2011.0,Ethnic,W Women Printed Purple Kurtas
51021,Women,Apparel,Innerwear,Bra,Maroon,Summer,2017.0,Casual,Enamor Wine Coloured Smooth Bra
52061,Men,Apparel,Topwear,Tshirts,White,Summer,2012.0,Casual,Myntra Men White Printed T-shirt
48482,Women,Apparel,Dress,Dresses,Red,Winter,2011.0,Casual,French Connection Women Red Dress
3893,Girls,Apparel,Topwear,Tshirts,Green,Summer,2011.0,Casual,Disney Kids Girl's Green Minnie Top With Pink Bow Kidswear
28814,Men,Apparel,Bottomwear,Jeans,Blue,Summer,2012.0,Casual,Denizen Men Blue Jeans
6536,Men,Apparel,Bottomwear,Shorts,Black,Summer,2011.0,Sports,Nike Men's Trophy Woven Black Short
27905,Women,Apparel,Bottomwear,Trousers,Black,Summer,2012.0,Casual,Scullers For Her Black Trousers
27900,Women,Apparel,Bottomwear,Trousers,Beige,Summer,2012.0,Casual,Scullers For Her Women Beige Trousers
34409,Men,Apparel,Topwear,Tshirts,Black,Summer,2012.0,Casual,Myntra Men Black Rider Performance T-shirt
2272,Men,Apparel,Topwear,Tshirts,Blue,Fall,2010.0,Sports,Nike Mens Blue Polo T-shirt
13965,Men,Apparel,Topwear,Tshirts,Blue,Fall,2011.0,Casual,Inkfruit Men Printed Blue Tshirts
36304,Men,Apparel,Topwear,Tshirts,Green,Summer,2012.0,Casual,Angry Birds Men Green Stop Madness T-shirt
14548,Women,Apparel,Topwear,Kurtis,Black,Fall,2011.0,Ethnic,Vishudh Women Golden Thread Work Black Kurtis
32653,Women,Apparel,Topwear,Tshirts,Purple,Summer,2012.0,Sports,Nike Women Sphere Purple T-shirt
42398,Women,Apparel,Topwear,Tshirts,Grey,Summer,2012.0,Casual,Flying Machine Women Grey T-shirt
10335,Women,Apparel,Topwear,Tops,Pink,Fall,2011.0,Casual,United Colors of Benetton Women Striped Magenta Top
8790,Men,Apparel,Topwear,Shirts,White,Fall,2011.0,Formal,Indigo Nation Men Price catch Black White Shirts
31287,Men,Apparel,Bottomwear,Shorts,Black,Summer,2012.0,Casual,Puma Men Dazzle Black Shorts
6021,Men,Apparel,Topwear,Tshirts,Blue,Summer,2011.0,Casual,UCB Men's Johny Collar With Two Tone Dark Blue T-shirt
9754,Women,Apparel,Bottomwear,Track Pants,Black,Fall,2011.0,Casual,ADIDAS Women Ess Mf Yoga Black Pants
33315,Men,Apparel,Topwear,Tshirts,Navy Blue,Summer,2012.0,Casual,Arrow New York Men Navy Blue Polo T-shirt
12785,Women,Apparel,Topwear,Tops,Pink,Fall,2011.0,Ethnic,Mother Earth Women Checks Pink Shirts
46263,Women,Apparel,Topwear,Tunics,Black,Summer,2012.0,Casual,109F Women Black Printed Tunic
4990,Women,Apparel,Bottomwear,Shorts,White,Summer,2011.0,Casual,Gini and Jony Girl's Scotia White Purple Kidswear
3785,Men,Apparel,Topwear,Tshirts,Black,Summer,2011.0,Casual,Basics Men Black & Green Striped Polo T-shirt
7742,Men,Apparel,Topwear,Tshirts,Purple,Fall,2011.0,Casual,Indigo Nation Men Purple Polo T-shirt
27154,Men,Apparel,Topwear,Shirts,Grey,Summer,2012.0,Formal,Mark Taylor Men Striped Grey Shirt
54684,Women,Apparel,Topwear,Kurtas,Multi,Summer,2012.0,Ethnic,Shree Women Multicoloured Printed Kurta
14637,Men,Apparel,Topwear,Shirts,White,Fall,2011.0,Casual,Probase Men Classic Check White Shirts
20792,Men,Apparel,Topwear,Jackets,Beige,Fall,2011.0,Casual,Basics Men Beige Blazer Jacket
19804,Men,Apparel,Topwear,Tshirts,Blue,Fall,2011.0,Casual,U.S. Polo Assn. Men Solid Blue Tshirt
33308,Boys,Apparel,Bottomwear,Jeans,Black,Summer,2012.0,Casual,Gini and Jony Boys Solid Black Jeans
13998,Men,Apparel,Topwear,Sweatshirts,White,Fall,2011.0,Sports,Nike Men Printed White Sweatshirts
24707,Men,Apparel,Topwear,Tshirts,Yellow,Fall,2011.0,Casual,Puma Men Yellow Printed T-shirt
10433,Men,Apparel,Topwear,Shirts,Black,Fall,2011.0,Casual,Flying Machine Men Ydc Black Shirts
17901,Men,Apparel,Topwear,Jackets,Black,Fall,2011.0,Sports,Nike Men Football Soccer Black Jacket
39459,Women,Apparel,Topwear,Kurtas,White,Summer,2012.0,Ethnic,Diva Women White Kurta
21455,Women,Apparel,Topwear,Tshirts,Grey,Winter,2012.0,Casual,Roxy Women Grey T-shirt
27435,Women,Apparel,Innerwear,Bra,Grey Melange,Winter,2015.0,Sports,Jockey Grey Melange Xena Sports Bra 1378
6564,Men,Apparel,Bottomwear,Shorts,Blue,Summer,2011.0,Sports,Nike Men's Woven Blue Short
23170,Men,Apparel,Topwear,Tshirts,Blue,Fall,2011.0,Casual,Mark Taylor Men Blue Printed T-shirt
7415,Women,Apparel,Topwear,Kurtas,Black,Summer,2011.0,Ethnic,W Women Sqaure Neck Yarn Dyed Short Sleeve Black Kurta
58395,Men,Apparel,Topwear,Shirts,Purple,Summer,2012.0,Casual,Locomotive Men Purple Shirt
13295,Women,Apparel,Topwear,Tops,Pink,Fall,2011.0,Casual,Gini and Jony Kids Girls Printed Pink Tops
19642,Men,Apparel,Topwear,Tshirts,Cream,Fall,2011.0,Casual,United Colors of Benetton Men Stripes Cream Polo Tshirt
50617,Men,Apparel,Innerwear,Briefs,Grey,Summer,2016.0,Casual,Chromozome Men Grey Briefs
5827,Men,Apparel,Topwear,Tshirts,Grey,Summer,2011.0,Casual,ADIDAS Men's Prt Grey T-shirt
27372,Men,Apparel,Topwear,Tshirts,Green,Fall,2011.0,Casual,Tantra Men Blood Test Green T-shirt
55800,Women,Apparel,Loungewear and Nightwear,Nightdress,White,Summer,2017.0,Casual,SDL by Sweet Dreams Women Green Nightdress
59992,Women,Apparel,Dress,Dresses,Black,Fall,2012.0,Casual,Avirate Black & White Dress
45633,Men,Apparel,Innerwear,Briefs,Navy Blue,Summer,2016.0,Casual,Park Avenue Men Navy Blue Swank Brief
48361,Men,Apparel,Topwear,Shirts,Blue,Summer,2012.0,Casual,French Connection Men Blue Shirt
57148,Women,Apparel,Innerwear,Camisoles,Black,Summer,2017.0,Casual,Elle Women Black Camisole
31225,Women,Apparel,Topwear,Tshirts,Black,Winter,2013.0,Casual,Puma Women Black Polo T-shirt
20787,Men,Apparel,Topwear,Sweaters,Black,Fall,2011.0,Casual,Genesis Men Solid Black Sweater
22345,Men,Apparel,Topwear,Tshirts,Blue,Fall,2011.0,Casual,John Players Men Printed Blue T-Shirt
38814,Women,Apparel,Topwear,Shirts,Orange,Fall,2012.0,Casual,Latin Quarters Women Orange & Grey Check Shirt
21172,Women,Apparel,Topwear,Tunics,Blue,Fall,2011.0,Casual,s.Oliver Women Powder Blue Tunic
9148,Women,Apparel,Bottomwear,Jeans,Blue,Summer,2013.0,Casual,Lee Women Blue Jeans
44892,Men,Apparel,Topwear,Tshirts,Black,Summer,2012.0,Casual,Puma Men Black Polo T-shirt
29675,Men,Apparel,Topwear,Shirts,Black,Summer,2012.0,Formal,Indigo Nation Men Black Shirt
19841,Men,Apparel,Topwear,Shirts,Grey,Fall,2011.0,Casual,U.S. Polo Assn. Men Check Grey Shirt
59095,Women,Apparel,Innerwear,Bra,Skin,Summer,2017.0,Casual,Peri Peri Women Skin Bra
30335,Men,Apparel,Topwear,Tshirts,Off White,Summer,2012.0,Casual,Myntra Men Lost Valley Off White T-shirt
41780,Women,Apparel,Topwear,Tops,Maroon,Summer,2012.0,Casual,Remanika Women Maroon Top
40184,Women,Apparel,Topwear,Kurtis,Pink,Summer,2012.0,Ethnic,Mumbai Slang Women Floral Pink Kurti
34118,Girls,Apparel,Bottomwear,Shorts,Black,Summer,2012.0,Casual,Doodle Girls Washed Black Shorts
38480,Boys,Apparel,Topwear,Tshirts,Red,Summer,2012.0,Casual,Gini and Jony Boys United Red T-shirt
59651,Women,Apparel,Saree,Sarees,Cream,Fall,2012.0,Ethnic,FNF Cream & Pink Evening Wear Sari
18278,Women,Apparel,Topwear,Kurtas,Blue,Fall,2011.0,Ethnic,Aneri Women Simi Blue Kurta
6948,Women,Apparel,Topwear,Tshirts,Blue,Summer,2011.0,Casual,s.Oliver Women's Printed Top Blue T-shirt
12124,Women,Apparel,Topwear,Kurtas,Maroon,Fall,2011.0,Ethnic,Aurelia Women Printed Maroon Kurtas
32958,Men,Apparel,Topwear,Tshirts,Charcoal,Summer,2012.0,Casual,Angry Birds Men Printed Charcoal Grey T-shirt
56696,Men,Apparel,Topwear,Kurtas,Teal,Summer,2012.0,Ethnic,Fabindia Men Teal Kurta
4886,Women,Apparel,Topwear,Tops,Pink,Summer,2011.0,Casual,Levis Kids Girl's Dana Pink Teens Kidswear
36288,Women,Apparel,Loungewear and Nightwear,Night suits,Pink,Summer,2017.0,Casual,SDL by Sweet Dreams Women Pink Night suits
39121,Women,Apparel,Bottomwear,Leggings,Pink,Fall,2012.0,Casual,Aneri Women Pink Leggings
3875,Men,Apparel,Topwear,Tshirts,Grey,Summer,2011.0,Casual,Wrangler Men's Trademark Washed Grey T-shirt
58497,Women,Apparel,Topwear,Tops,Pink,Summer,2012.0,Casual,Tonga Women Pink Top
10481,Men,Apparel,Topwear,Shirts,Blue,Fall,2011.0,Casual,Flying Machine Men Ydc Blue Shirts
23172,Men,Apparel,Topwear,Tshirts,Grey,Fall,2011.0,Casual,Mark Taylor Men Grey Printed T-shirt
15600,Men,Apparel,Topwear,Sweatshirts,Grey,Fall,2011.0,Casual,Nike Men Casual Grey Sweatshirts
15134,Men,Apparel,Bottomwear,Trousers,Brown,Fall,2011.0,Casual,Arrow Sport Men Solid Brown Trousers
15632,Women,Apparel,Bottomwear,Track Pants,Black,Summer,2012.0,Sports,Nike Women AS Regular DF Cotton Black Track Pants
32482,Men,Apparel,Topwear,Tshirts,Red,Summer,2012.0,Casual,Proline Men Red Polo T-shirt
34316,Men,Apparel,Topwear,Tshirts,Orange,Summer,2012.0,Casual,Myntra Men Hawaii Orange T-shirt
19583,Men,Apparel,Topwear,Tshirts,Black,Summer,2011.0,Casual,United Colors of Benetton Men Stripes Black Tshirt
50586,Men,Apparel,Innerwear,Briefs,Black,Summer,2016.0,Casual,Chromozome Men Black Briefs
31288,Men,Apparel,Topwear,Tshirts,Black,Summer,2012.0,Sports,PUMA Black Training Polo T-shirt
39179,Women,Apparel,Topwear,Kurtas,Blue,Summer,2012.0,Ethnic,Aneri Women Blue Kurtas
24144,Men,Apparel,Topwear,Tshirts,Blue,Spring,2012.0,Casual,ADIDAS Men Blue Printed T-shirt
7573,Men,Apparel,Topwear,Tshirts,Green,Summer,2011.0,Sports,Nike Men's As Race Day Green T-shirt
6177,Men,Apparel,Topwear,Tshirts,Blue,Summer,2011.0,Casual,Lee Men's Cosmos Blue Lapis T-shirt
59090,Women,Apparel,Innerwear,Bra,Black,Summer,2017.0,Casual,Peri Peri Women Black Bra
11079,Men,Apparel,Topwear,Shirts,Green,Fall,2011.0,Casual,Scullers Men Check Green Shirts
29607,Men,Apparel,Topwear,Shirts,Purple,Summer,2012.0,Formal,Indigo Nation Men Striped Purple Shirt
6540,Men,Apparel,Topwear,Tshirts,Green,Summer,2011.0,Sports,Nike Men's Training Green T-shirt
59658,Women,Apparel,Saree,Sarees,Blue,Fall,2012.0,Ethnic,FNF Red & Blue Printed Sari
2050,Men,Apparel,Topwear,Shirts,Black,Winter,2010.0,Casual,Lee Men Essential Black Shirt
12165,Women,Apparel,Topwear,Dupatta,Navy Blue,Fall,2011.0,Ethnic,Aurelia Women Voile Navy Blue Dupatta
21600,Men,Apparel,Bottomwear,Track Pants,Navy Blue,Fall,2011.0,Sports,Urban Yoga Men Solid Navy Blue Track Pants
43654,Women,Apparel,Topwear,Tops,Cream,Summer,2012.0,Casual,ONLY Women Cream Printed Top
19176,Men,Apparel,Topwear,Shirts,Black,Fall,2011.0,Casual,United Colors of Benetton Men Check Black Shirt
49968,Men,Apparel,Innerwear,Innerwear Vests,White,Summer,2016.0,Casual,Hanes Men White Innerwear Vest
35440,Boys,Apparel,Topwear,Shirts,Black,Summer,2012.0,Casual,Doodle Boys Check Black Shirt
15168,Men,Apparel,Topwear,Tshirts,Green,Fall,2011.0,Casual,Arrow Sport Men Solid Green Polo Tshirts
30621,Men,Apparel,Topwear,Tshirts,Black,Summer,2012.0,Casual,Nike Men Speed Black T-shirt
28008,Men,Apparel,Innerwear,Trunk,Blue,Summer,2016.0,Casual,Jockey ZONE Men Blue Modern Trunks US19
11563,Women,Apparel,Topwear,Kurtas,Cream,Summer,2011.0,Ethnic,W Women Printed Cream Kurtas
57402,Women,Apparel,Innerwear,Briefs,Maroon,Winter,2015.0,Casual,Amante Women Maroon Briefs PGDI03
54328,Women,Apparel,Innerwear,Briefs,Black,Summer,2017.0,Casual,Garfield Women Black Hipster Briefs GFA12-027
4980,Women,Apparel,Bottomwear,Shorts,Blue,Summer,2011.0,Casual,Palm Tree Girl's Benita Blue Kidswear
18704,Men,Apparel,Innerwear,Briefs,Blue,Summer,2016.0,Casual,Hanes Men Blue Ultimate Duo Dry Cotton Stretch Hip Briefs
19453,Men,Apparel,Topwear,Tshirts,Purple,Fall,2011.0,Casual,Quiksilver Men Purple Printed T-shirt
11078,Men,Apparel,Topwear,Sweaters,Grey,Fall,2011.0,Casual,Scullers Men Stripes Grey Sweaters
57209,Women,Apparel,Bottomwear,Jeans,Blue,Fall,2012.0,Casual,Kraus Jeans Women Blue Jeans
38521,Men,Apparel,Topwear,Tshirts,White,Summer,2012.0,Casual,Angry Birds Men White T-shirt
5959,Men,Apparel,Topwear,Shirts,Green,Summer,2011.0,Casual,Locomotive Men Green White Blue Checked Shirt
28568,Men,Apparel,Topwear,Tshirts,White,Summer,2012.0,Casual,Nike Men Verbiage White T-shirt
43642,Women,Apparel,Topwear,Tops,Grey,Summer,2012.0,Casual,Vero Moda Women Grey Top
10842,Men,Apparel,Topwear,Tshirts,Grey,Fall,2011.0,Casual,Wrangler Men Celebrate Polo Grey T-Shirt
9799,Women,Apparel,Topwear,Tops,Magenta,Fall,2011.0,Casual,Scullers For Her Women Scullers Top Magenta Tops
30311,Men,Apparel,Topwear,Tshirts,Red,Summer,2012.0,Casual,Myntra Men Freak Show Red T-shirt
23035,Men,Apparel,Topwear,Shirts,Lavender,Fall,2011.0,Formal,Arrow Men Lavender Striped Shirt
13957,Women,Apparel,Topwear,Tops,Purple,Summer,2011.0,Casual,United Colors of Benetton Women Solid Purple Tops
34026,Boys,Apparel,Topwear,Tshirts,White,Summer,2012.0,Casual,Gini and Jony Boys White Printed T-shirt
6868,Women,Apparel,Dress,Dresses,Black,Summer,2011.0,Casual,Forever New Women's Waterfall Sleeve Shift Black Dress
7536,Men,Apparel,Topwear,Tshirts,White,Summer,2011.0,Sports,Nike Men's AS SS Trainin White T-shirt
20264,Men,Apparel,Topwear,Tshirts,Black,Fall,2011.0,Casual,Wrangler Men Ride Black Tshirt
55623,Men,Footwear,Shoes,Casual Shoes,Black,Summer,2012.0,Casual,Numero Uno Men Black Shoes
4483,Men,Footwear,Shoes,Casual Shoes,Silver,Summer,2011.0,Casual,Puma Men's Kraftek Metallic Silver Red Shoe
2379,Men,Footwear,Shoes,Formal Shoes,Black,Winter,2018.0,Formal,Red Tape Men's Black Formal Shoe
15887,Girls,Footwear,Sandal,Sandals,Blue,Fall,2012.0,Casual,Warner Bros Kids Girls TW Big Facelog Blue Sandals
39500,Men,Footwear,Shoes,Sports Shoes,Green,Summer,2012.0,Sports,Nike Men Green Dunk High Sports Shoes
22981,Men,Footwear,Shoes,Sports Shoes,White,Fall,2011.0,Sports,FILA Men White Rogue Sports Shoes
22958,Men,Footwear,Shoes,Sports Shoes,White,Summer,2012.0,Sports,Reebok Men White Acciomax Sports Shoes
2371,Men,Footwear,Shoes,Casual Shoes,Brown,Winter,2018.0,Casual,Red Tape Semi Casual Brown Shoe
6734,Women,Footwear,Shoes,Sports Shoes,Pink,Summer,2011.0,Sports,Puma Women Faas 300 Pink White Blue Shoe
44786,Men,Footwear,Shoes,Casual Shoes,Blue,Summer,2012.0,Casual,Lotto Men Blue Shoes
46333,Men,Footwear,Shoes,Sports Shoes,Grey,Summer,2012.0,Sports,Reebok Men Black Run Cruise Lp Sports Shoes
11933,Women,Footwear,Shoes,Sports Shoes,Grey,Fall,2011.0,Sports,Skechers Women Sports Grey Sports Shoes
30243,Men,Footwear,Flip Flops,Flip Flops,Black,Summer,2012.0,Casual,Numero Uno Men Black Flip Flops
21059,Men,Footwear,Shoes,Formal Shoes,Black,Fall,2012.0,Formal,Clarks Men Extra Look Black Formal Shoe
57948,Men,Footwear,Shoes,Casual Shoes,Brown,Spring,2012.0,Casual,Clarks Men Brown Casual Shoes
12982,Women,Footwear,Flip Flops,Flip Flops,Black,Fall,2011.0,Casual,ADIDAS Women Calo 3  Black Flip Flops
45398,Women,Footwear,Shoes,Flats,White,Summer,2012.0,Casual,Rocia Women White Sandals
42020,Men,Footwear,Shoes,Casual Shoes,Brown,Summer,2012.0,Casual,ADIDAS Men Brown Mudslide Shoes
34632,Men,Footwear,Shoes,Sports Shoes,Grey,Summer,2012.0,Sports,Lotto Men Dolce Vita II Grey Sports Shoes
13684,Men,Footwear,Shoes,Casual Shoes,Black,Fall,2011.0,Casual,ADIDAS Men Dash Casual Shoes
49812,Women,Footwear,Flip Flops,Flip Flops,Pink,Winter,2012.0,Casual,iPanema Women Pink Flip Flops
49373,Men,Footwear,Shoes,Casual Shoes,Black,Summer,2012.0,Casual,Vans Men Black Casual Shoes
35414,Men,Footwear,Shoes,Formal Shoes,Black,Summer,2013.0,Formal,Enroute Men Black Formal Shoes
10766,Unisex,Footwear,Flip Flops,Flip Flops,Yellow,Winter,2012.0,Casual,Disney Unisex Kids Basic Yellow Flip Flops
35575,Men,Footwear,Flip Flops,Flip Flops,Green,Summer,2013.0,Casual,Gliders Men Green Esquire Flip Flops
11948,Men,Footwear,Shoes,Casual Shoes,Black,Summer,2012.0,Casual,Ganuchi Men Casual Black Casual Shoes
10173,Men,Footwear,Sandal,Sandals,Brown,Fall,2011.0,Casual,United Colors of Benetton Men Tango Brown Sandals
49623,Women,Footwear,Shoes,Heels,Beige,Winter,2015.0,Casual,Catwalk Women Beige Heels
33638,Men,Footwear,Flip Flops,Flip Flops,Black,Winter,2012.0,Casual,Lotto Men ACCU Red & Black Flip Flops
39628,Women,Footwear,Shoes,Sports Shoes,Grey,Summer,2012.0,Sports,Nike Women Transform Grey Sports Shoes
12506,Men,Footwear,Shoes,Casual Shoes,Brown,Winter,2018.0,Casual,Red Tape Men Brown Shoes
47582,Women,Footwear,Shoes,Flats,Brown,Winter,2012.0,Ethnic,Portia Women Blue Flats
6511,Men,Footwear,Sandal,Sandals,Brown,Winter,2018.0,Casual,Red Tape Men Tan Brown Floater
10127,Men,Footwear,Shoes,Casual Shoes,Brown,Fall,2011.0,Casual,Rockport Men Espresso Brown Casual Shoes
11495,Women,Footwear,Shoes,Flats,Grey,Winter,2015.0,Casual,Catwalk Women Gun Metal Grey Ballerinas
34644,Men,Footwear,Shoes,Sports Shoes,Black,Fall,2012.0,Sports,Fila Men Pursuit Black Sports Shoes
33824,Women,Footwear,Shoes,Sports Shoes,Grey,Summer,2012.0,Sports,Puma Women Grey Axis Sports Shoes
29231,Women,Footwear,Shoes,Flats,Black,Summer,2012.0,Casual,Puma Women Black Grace Flats
5684,Men,Footwear,Shoes,Casual Shoes,Black,Winter,2015.0,Casual,Skechers Men Black Shoe
3628,Men,Footwear,Sandal,Sandals,Grey,Winter,2011.0,Casual,Puma Men Jiff  Grey Navy Sandal
54125,Women,Footwear,Shoes,Heels,Brown,Winter,2012.0,Casual,Rocia Women Brown Heels
6681,Women,Footwear,Shoes,Sports Shoes,White,Summer,2011.0,Sports,Nike Women's Izanami White Blue Shoe
11858,Men,Footwear,Flip Flops,Flip Flops,Black,Summer,2011.0,Casual,Playboy Men Casual Black Slippers
15376,Men,Footwear,Shoes,Sports Shoes,White,Fall,2011.0,Sports,FILA Men Fila Boston White Sports Shoes
33342,Men,Footwear,Shoes,Formal Shoes,Black,Summer,2012.0,Casual,Homme Men Black Formal Shoes
13682,Women,Footwear,Shoes,Sports Shoes,Silver,Fall,2011.0,Sports,ADIDAS Women Duramo 3 Sports Shoes
9402,Women,Footwear,Shoes,Sports Shoes,White,Fall,2011.0,Sports,Nike Women Wmns Cou White Sports Shoes
41938,Women,Footwear,Flip Flops,Flip Flops,Gold,Winter,2012.0,Casual,iPanema Women Gold Flip Flops
46098,Men,Footwear,Shoes,Casual Shoes,Olive,Summer,2012.0,Casual,ADIDAS Men  light Olive Sheridan Shoes
10758,Girls,Footwear,Shoes,Casual Shoes,Blue,Winter,2012.0,Casual,Disney Kids Girls Princess Heart Blue Casual Shoes
56999,Women,Footwear,Shoes,Flats,Red,Winter,2012.0,Casual,HM Women Red Sandals
39307,Men,Footwear,Shoes,Casual Shoes,Black,Winter,2018.0,Casual,Red Chief Men Black Shoes
5363,Unisex,Footwear,Shoes,Sports Shoes,White,Summer,2011.0,Sports,Btwin Six Mtb Shoes 2009
23941,Men,Footwear,Shoes,Sports Shoes,White,Fall,2011.0,Sports,Lotto Men White Porteo Sports Shoes
4122,Unisex,Footwear,Shoes,Casual Shoes,Black,Summer,2011.0,Casual,Puma Unisex Lo Punk Black Yellow Shoe
43937,Women,Footwear,Shoes,Heels,Black,Winter,2012.0,Casual,Catwalk Women Black & Pink Heels
3561,Men,Footwear,Shoes,Casual Shoes,Black,Winter,2015.0,Casual,Skechers Men's Zeta Black Lifestyle Casual Shoe
10148,Men,Footwear,Shoes,Casual Shoes,Brown,Fall,2011.0,Casual,Rockport Men Sc Slip On Brown Casual Shoes
27253,Men,Footwear,Shoes,Sports Shoes,Blue,Summer,2014.0,Sports,ASICS Men Blue Gel-Tarther Running Shoes
35416,Men,Footwear,Shoes,Formal Shoes,Black,Summer,2012.0,Formal,Enroute Men Black Formal Shoes
39584,Women,Footwear,Shoes,Heels,Black,Winter,2015.0,Casual,Catwalk Women Black Heels
31554,Men,Footwear,Shoes,Casual Shoes,Khaki,Summer,2016.0,Casual,Woodland Men Khaki Casual Shoes
49624,Women,Footwear,Shoes,Heels,Blue,Winter,2015.0,Casual,Catwalk Women Blue Flats
20895,Men,Footwear,Shoes,Casual Shoes,Orange,Fall,2011.0,Casual,Basics Men Orange Casual Shoes
47636,Women,Footwear,Shoes,Heels,Red,Spring,2013.0,Casual,Carlton London Women Red Peep Toes
11942,Men,Footwear,Sandal,Sandals,Black,Summer,2011.0,Casual,Ganuchi Men Casual Black Sandals
5535,Men,Footwear,Shoes,Sports Shoes,Grey,Summer,2011.0,Sports,Nike Men's Air Max Tailwind Dark Grey Shoe
43932,Women,Footwear,Shoes,Heels,Blue,Winter,2012.0,Casual,Catwalk Women Blue Heels
16154,Men,Footwear,Shoes,Formal Shoes,Black,Fall,2011.0,Formal,Enroute Men Leather Black Formal Shoes
19239,Men,Footwear,Shoes,Casual Shoes,Black,Fall,2011.0,Casual,Puma Men Standpunkt Classic Black Casual Shoes
22706,Women,Footwear,Shoes,Sports Shoes,White,Fall,2011.0,Sports,Nike Women White Capri II Sports Shoes
11843,Men,Footwear,Shoes,Casual Shoes,Blue,Summer,2013.0,Casual,Playboy Men Casual Blue Casual Shoes
24078,Women,Footwear,Shoes,Heels,Black,Winter,2015.0,Casual,productDisplayName
39547,Men,Footwear,Flip Flops,Flip Flops,Red,Summer,2012.0,Casual,Numero Uno Men Red Flip Flops
3241,Men,Footwear,Shoes,Sports Shoes,Black,Fall,2010.0,Sports,Puma Men Route Ducati Black Shoe
54537,Men,Footwear,Shoes,Sports Shoes,White,Fall,2012.0,Sports,F Sports Men White Deen Sports Shoes
20690,Men,Footwear,Shoes,Casual Shoes,Black,Winter,2011.0,Casual,Buckaroo Men Vecino Black Casual Shoes
4526,Men,Footwear,Shoes,Sports Shoes,Black,Summer,2011.0,Sports,Puma Men's Tergament Black Beige Silver Shoe
17664,Women,Footwear,Shoes,Casual Shoes,Blue,Winter,2015.0,Casual,Catwalk Women Pumps Blue Casual Shoe
20804,Men,Footwear,Shoes,Sports Shoes,White,Fall,2010.0,Sports,Fila Men Streak White Sports Shoes
5541,Men,Footwear,Shoes,Sports Shoes,Grey,Summer,2011.0,Sports,Nike Mens Jordan Ptp'er White & Grey Shoes
41439,Men,Footwear,Shoes,Sports Shoes,Black,Fall,2012.0,Sports,Lee Cooper Men Black Sports Shoes
5573,Men,Footwear,Shoes,Sports Shoes,Grey,Summer,2011.0,Sports,Nike Men's Air Pegasus Grey Yellow Shoe
22733,Men,Footwear,Shoes,Casual Shoes,Grey,Fall,2011.0,Casual,Nike Men Dunk High Grey Casual Shoes
28331,Men,Footwear,Sandal,Sandals,Brown,Winter,2018.0,Casual,Redtape Men Casual Brown Sandals
34514,Women,Footwear,Flip Flops,Flip Flops,Black,Summer,2012.0,Casual,ADIDAS Women Adi Dew Black Flip Flops
39605,Women,Footwear,Shoes,Heels,Gold,Winter,2015.0,Casual,Catwalk Women Gold Heels
45625,Men,Footwear,Shoes,Casual Shoes,Brown,Winter,2018.0,Casual,Red Tape Men Brown Shoes
49588,Women,Footwear,Shoes,Heels,Black,Winter,2015.0,Casual,Catwalk Women Black Heels
32742,Men,Footwear,Shoes,Casual Shoes,Grey,Summer,2013.0,Casual,Fila Men Calve Grey Shoes
9051,Men,Footwear,Shoes,Sports Shoes,Grey,Fall,2011.0,Sports,ADIDAS Men Speed Boat Grey Sports Shoes
26456,Unisex,Footwear,Shoes,Casual Shoes,Red,Fall,2012.0,Casual,Puma Unisex Limnos Red Casual Shoes
17485,Men,Footwear,Shoes,Sports Shoes,White,Fall,2011.0,Sports,Fila Men DLS Slam White Sports Shoe
14438,Women,Footwear,Shoes,Heels,Yellow,Summer,2012.0,Casual,Enroute Women Casual Yellow Heels
44463,Women,Footwear,Shoes,Flats,Pink,Summer,2012.0,Casual,Senorita Women Cherry Red Sandals
49814,Women,Footwear,Flip Flops,Flip Flops,Red,Winter,2012.0,Casual,iPanema Women Red Flip Flops
3695,Men,Footwear,Shoes,Casual Shoes,White,Summer,2011.0,Casual,Lotto Men's Rio Velcro White Indigo Shoe
14408,Women,Footwear,Shoes,Heels,Beige,Summer,2012.0,Casual,Enroute Women Casual Beige Flats
21566,Men,Footwear,Shoes,Casual Shoes,Black,Summer,2012.0,Casual,Numero Uno Men Casual Black Shoes
42270,Unisex,Footwear,Shoes,Casual Shoes,Black,Summer,2012.0,Casual,Vans Unisex Black & Grey Classic Shoes
50778,Men,Footwear,Shoes,Casual Shoes,Navy Blue,Spring,2013.0,Casual,Clarks Men Navy Leather Sneakers
6912,Women,Footwear,Shoes,Flats,Black,Fall,2012.0,Casual,Timberland Women Nekkol Convertable Black Sports Sandals
59324,Men,Footwear,Sandal,Sandals,Black,Summer,2012.0,Casual,Gliders Men Black Sandals
59019,Women,Footwear,Shoes,Flats,Black,Winter,2012.0,Casual,Carlton London Women Black Flats
2391,Men,Footwear,Shoes,Formal Shoes,Black,Winter,2018.0,Formal,Red Tape Men Formal Black Shoe
12478,Men,Footwear,Shoes,Formal Shoes,Black,Fall,2012.0,Formal,Clarks Men Black Leather Formal Shoes
18656,Men,Footwear,Shoes,Sports Shoes,Black,Fall,2011.0,Sports,Fila Men Thunder Black Basketball Sports Shoes
44768,Men,Footwear,Shoes,Casual Shoes,Black,Summer,2012.0,Casual,Globalite Men Black Macross Shoes
10101,Men,Footwear,Shoes,Sports Shoes,Black,Fall,2011.0,Sports,Reebok Men Island Explorer Black Sports Shoes
21184,Men,Footwear,Flip Flops,Flip Flops,Black,Spring,2012.0,Casual,ADIDAS Men Star Story Black Flip Flops
3823,Unisex,Footwear,Sandal,Sandals,White,Summer,2011.0,Casual,Crocs Unisex Crocband White Sandal
23250,Men,Footwear,Shoes,Formal Shoes,Black,Fall,2011.0,Formal,Arrow Men Formal Black Shoes
13273,Women,Footwear,Shoes,Heels,Gold,Winter,2012.0,Casual,Inc 5 Women Casual Gold Heels
39979,Men,Footwear,Shoes,Casual Shoes,Beige,Summer,2013.0,Casual,Gas Men Flint Grey Shoes
44201,Women,Footwear,Flip Flops,Flip Flops,Black,Winter,2012.0,Casual,iPanema Women Black Flip Flops
44216,Women,Footwear,Flip Flops,Flip Flops,White,Winter,2012.0,Casual,iPanema Women White Flip Flops
20876,Men,Footwear,Shoes,Casual Shoes,Black,Summer,2012.0,Casual,Skechers Men Casual Black Shoes
38525,Men,Footwear,Shoes,Casual Shoes,Black,Summer,2012.0,Casual,Puma Men Black Taisoku Casual Shoes
22732,Men,Footwear,Shoes,Sports Shoes,Olive,Fall,2011.0,Sports,Nike Men Air Max Conquer ACG Olive Sports Boot
46799,Women,Footwear,Shoes,Sports Shoes,Grey,Summer,2012.0,Sports,Nike Women Grey Lunarglide Sports shoes
5478,Men,Footwear,Shoes,Sports Shoes,White,Summer,2011.0,Sports,Nike Men's T-Lite Leather White Shoe
57496,Men,Footwear,Shoes,Casual Shoes,Black,Fall,2012.0,Formal,Lee Cooper Men Black Shoes
47088,Boys,Footwear,Flip Flops,Flip Flops,Blue,Winter,2013.0,Casual,Kids Ville Boys Blue Flip Flops
19868,Women,Footwear,Flip Flops,Flip Flops,White,Fall,2011.0,Casual,ADIDAS Women Soft Striped White Flip Flops
34532,Men,Footwear,Shoes,Formal Shoes,Black,Winter,2018.0,Formal,Red Tape Men Black Shoes
44544,Men,Footwear,Sandal,Sandals,Black,Summer,2012.0,Casual,Coolers Men Black Sandals
11953,Men,Footwear,Shoes,Casual Shoes,Beige,Summer,2012.0,Casual,Ganuchi Men Casual Beige Casual Shoes
21741,Unisex,Footwear,Shoes,Casual Shoes,White,Fall,2011.0,Casual,Vans Unisex Authentic Lo Pro White Casual Shoes
4644,Women,Footwear,Shoes,Sports Shoes,White,Summer,2011.0,Sports,ADIDAS Women Adi Primo Low White Silver Navy Shoe
5904,Women,Footwear,Shoes,Casual Shoes,White,Summer,2011.0,Casual,Puma Women Cabana Racer White Shoe
4472,Men,Footwear,Shoes,Sports Shoes,Silver,Summer,2011.0,Sports,Puma Men's Complete Itana Silver Blue Black Shoe
39623,Men,Footwear,Shoes,Sports Shoes,White,Summer,2012.0,Sports,Nike Men Sports Shoes
22872,Men,Footwear,Shoes,Casual Shoes,Brown,Summer,2012.0,Casual,Woodland Men Camel Casual Shoes
5618,Women,Footwear,Shoes,Sports Shoes,White,Summer,2011.0,Sports,ADIDAS Women's Adi Montero White Shoe
35529,Girls,Footwear,Sandal,Sandals,Orange,Summer,2012.0,Casual,Enroute Teens Orange Sandals
8978,Women,Footwear,Shoes,Casual Shoes,Purple,Fall,2011.0,Casual,Puma Women Saba Ballet DC3 Purple Casual Shoes
54108,Women,Footwear,Shoes,Heels,Beige,Winter,2012.0,Casual,Rocia Women Beige Flats
7842,Women,Footwear,Shoes,Sports Shoes,Black,Fall,2011.0,Sports,Puma Women Osu NM Black Purple Shoe
7816,Women,Footwear,Shoes,Casual Shoes,Black,Fall,2011.0,Casual,Puma Women Corsica Mid L Shine Black Grey Shoe
39616,Women,Footwear,Shoes,Casual Shoes,Yellow,Winter,2015.0,Casual,Catwalk Women Yellow Shoes
23822,Men,Footwear,Flip Flops,Flip Flops,Red,Summer,2012.0,Casual,Puma Men Breeze Red Flip Flops
5702,Men,Footwear,Shoes,Casual Shoes,Black,Winter,2015.0,Casual,Skechers Men's Torino Black Shoe
42689,Women,Footwear,Shoes,Flats,White,Winter,2012.0,Casual,Rocia Women White Sandals
26673,Men,Footwear,Flip Flops,Flip Flops,Navy Blue,Summer,2012.0,Casual,Puma Men Triangle Navy Blue Flip Flops
54139,Women,Footwear,Shoes,Heels,Brown,Winter,2012.0,Casual,Rocia Women Brown Heels
5689,Men,Footwear,Shoes,Casual Shoes,Black,Winter,2015.0,Casual,Skechers Men's Liquid Roggers Black Shoe
20754,Women,Footwear,Shoes,Heels,Black,Spring,2013.0,Casual,Carlton London Women Black Heels
32855,Women,Footwear,Shoes,Heels,Beige,Winter,2012.0,Casual,Grendha Women Kall Ad Beige Flats
49604,Women,Footwear,Shoes,Heels,Brown,Winter,2015.0,Casual,Catwalk Women Brown Heels
42733,Women,Footwear,Shoes,Flats,Brown,Summer,2012.0,Casual,Rocia Women Brown Sandals
39578,Women,Footwear,Shoes,Heels,Bronze,Winter,2015.0,Casual,Catwalk Women Bronze Heels
16171,Men,Footwear,Shoes,Formal Shoes,Black,Fall,2011.0,Formal,Enroute Men Leather Black Formal Shoes
22245,Men,Footwear,Shoes,Casual Shoes,Brown,Summer,2011.0,Casual,ID Men Brown Casual Shoes
11874,Men,Footwear,Shoes,Formal Shoes,Black,Summer,2013.0,Casual,Franco Leone Men Casual Black Sandals
24417,Men,Footwear,Shoes,Sports Shoes,Black,Summer,2012.0,Sports,ADIDAS Men KX TR Black Sports Shoes
9196,Men,Footwear,Shoes,Sports Shoes,Silver,Fall,2011.0,Sports,Puma Men Axis Silver Sports Shoes
7400,Men,Footwear,Shoes,Formal Shoes,Brown,Winter,2018.0,Formal,Red Tape Men Brown Shoes
4663,Men,Footwear,Shoes,Sports Shoes,Black,Summer,2012.0,Sports,ADIDAS Men Elroy Low Black & Brown Shoes
41446,Men,Footwear,Shoes,Casual Shoes,White,Fall,2012.0,Casual,Lee Cooper Men White Shoes
35237,Men,Footwear,Shoes,Casual Shoes,Black,Fall,2012.0,Casual,Fortune Men Black Casual Shoes
13374,Men,Footwear,Shoes,Casual Shoes,Brown,Fall,2011.0,Casual,Timberland Men Jeunes Brown Casual Shoes
57487,Men,Footwear,Shoes,Casual Shoes,Brown,Summer,2012.0,Formal,Lee Cooper Men Brown Shoes
45344,Women,Footwear,Shoes,Heels,Khaki,Summer,2016.0,Casual,Cobblerz Women Khaki Sandals
15875,Unisex,Footwear,Flip Flops,Flip Flops,Blue,Fall,2011.0,Casual,Warner Bros Kids Unisex TJ Beach Slipper Blue Slippers
4657,Women,Footwear,Shoes,Sports Shoes,White,Summer,2011.0,Sports,ADIDAS Women Sprint Speed Low White Blue Shoe
42268,Women,Footwear,Shoes,Casual Shoes,Red,Summer,2012.0,Casual,Vans Women Red Authentic Shoes
4573,Women,Footwear,Shoes,Sports Shoes,Black,Summer,2011.0,Sports,Nike Women Gls Black Shoe
14419,Women,Footwear,Shoes,Heels,Gold,Summer,2012.0,Casual,Enroute Women Casual Gold Flats
34841,Men,Footwear,Shoes,Sports Shoes,White,Fall,2012.0,Sports,ADIDAS Men Duramo 4 Lea White Sports Shoes
5917,Women,Footwear,Shoes,Casual Shoes,Silver,Summer,2011.0,Casual,ADIDAS Women's Agashae Silver Shoe
7254,Men,Footwear,Shoes,Formal Shoes,Brown,Fall,2011.0,Formal,Rockport Men's Bindu India Medium Brown Shoe
47099,Boys,Footwear,Shoes,Casual Shoes,Blue,Summer,2012.0,Casual,Marvel Boys Red Shoes
15286,Men,Footwear,Shoes,Casual Shoes,White,Winter,2012.0,Casual,Fila Men White Mercury Casual Shoes
9039,Men,Footwear,Shoes,Formal Shoes,Black,Winter,2011.0,Formal,Buckaroo Men Victor Black Formal Shoes
59015,Men,Footwear,Shoes,Sports Shoes,Grey,Summer,2012.0,Sports,Skechers Men Grey Sports Shoes
10639,Men,Footwear,Shoes,Casual Shoes,Black,Fall,2011.0,Casual,Nike Men Nike Capri II Black Casual Shoes
56406,Women,Footwear,Shoes,Flats,Maroon,Winter,2012.0,Casual,Rocia Women Maroon & Black Sandals
12485,Men,Footwear,Sandal,Sandals,Brown,Fall,2012.0,Casual,Clarks Men Leather Brown Sandals
18401,Men,Footwear,Sandal,Sandals,Brown,Fall,2011.0,Casual,Skechers Men USA Brown Sandals
6133,Men,Footwear,Shoes,Casual Shoes,Black,Summer,2011.0,Casual,Puma Men's Commander White Black Shoe
43237,Men,Footwear,Shoes,Casual Shoes,Navy Blue,Summer,2012.0,Casual,Reebok Men Navy Blue Varsity Casual Shoes
58231,Women,Footwear,Flip Flops,Flip Flops,Black,Summer,2012.0,Casual,Lotto Women Black Flip Flops
41475,Men,Footwear,Shoes,Formal Shoes,Black,Winter,2012.0,Formal,Carlton London Men Black Formal Shoes
34075,Women,Footwear,Shoes,Heels,White,Fall,2012.0,Formal,Clarks Women Henderson Toy Bone Leather White Flats
32840,Women,Footwear,Shoes,Heels,Blue,Winter,2012.0,Casual,Grendha Women Jola Cigana Blue Flats
6459,Women,Footwear,Flip Flops,Flip Flops,Blue,Summer,2011.0,Casual,Lotto Women's Juicy Blue Flip Flop
28316,Men,Footwear,Shoes,Casual Shoes,Black,Winter,2018.0,Casual,Red Tape Men Black Shoes
17484,Men,Footwear,Shoes,Casual Shoes,Tan,Fall,2011.0,Casual,Enroute Men Casual Tan Casual Shoe
23930,Men,Footwear,Shoes,Casual Shoes,Black,Fall,2011.0,Casual,Lotto Men Black Futura 500 TF Casual Shoes
13178,Men,Footwear,Shoes,Sports Shoes,White,Fall,2011.0,Sports,FILA Men Dls Nitrous White Sports Shoes
21733,Women,Footwear,Shoes,Heels,Brown,Winter,2015.0,Casual,Catwalk Women Casual Brown Flats
5686,Men,Footwear,Shoes,Casual Shoes,Black,Winter,2015.0,Casual,Skechers Men Regions Black Shoe
31956,Men,Footwear,Shoes,Sports Shoes,Black,Summer,2012.0,Sports,Nike Men Air Ring Leader Low Black Sports Shoes
5896,Men,Footwear,Shoes,Casual Shoes,Black,Summer,2011.0,Casual,Puma Men Cavallino Black Shoe
29265,Men,Footwear,Shoes,Sports Shoes,Blue,Summer,2012.0,Sports,ADIDAS Men Adizero Blue Sports Shoes
24628,Men,Footwear,Shoes,Formal Shoes,Black,Fall,2011.0,Formal,Arrow Men Black Formal Shoes
56978,Women,Footwear,Shoes,Flats,Black,Winter,2012.0,Casual,HM Women Black Sandals
6386,Men,Footwear,Shoes,Sports Shoes,White,Summer,2011.0,Sports,Puma Men Route Ducati White Shoe
3177,Women,Footwear,Shoes,Sports Shoes,White,Summer,2011.0,Sports,Nike Women Dual Fusion White Green Shoe
8911,Unisex,Footwear,Shoes,Casual Shoes,Red,Fall,2011.0,Casual,Puma Unisex Suede Archive NM Team Regal Red Red Shoe
45598,Men,Footwear,Shoes,Formal Shoes,Black,Summer,2013.0,Formal,Arrow Men Black Formal Shoes
7971,Men,Footwear,Sandal,Sports Sandals,Grey,Winter,2012.0,Casual,Fila Men Grey & Black Aqua Grippare Sports Sandals
22254,Women,Footwear,Shoes,Flats,Black,Fall,2011.0,Casual,Inc. 5 Women Casual Black Sandals
24726,Men,Footwear,Shoes,Casual Shoes,Off White,Fall,2011.0,Casual,United Colors of Benetton Men Classic Sneakers Off White Casual Shoes
20807,Men,Footwear,Shoes,Sports Shoes,Blue,Summer,2010.0,Sports,Fila Men DNA Tech Blue Sports Shoes
21719,Women,Footwear,Shoes,Heels,White,Winter,2015.0,Casual,Catwalk Women Casual White Heels
39683,Men,Footwear,Shoes,Sports Shoes,White,Summer,2012.0,Sports,Lotto Men White Sports Shoe
16975,Men,Footwear,Sandal,Sandals,Grey,Fall,2011.0,Casual,Puma Men Rover Grey Sandal
19903,Unisex,Footwear,Shoes,Casual Shoes,Black,Fall,2013.0,Casual,Converse Unisex AS Canvas OX Black Casual Shoes
36957,Men,Footwear,Shoes,Sports Shoes,White,Summer,2012.0,Sports,Force 10 Men White Sports Shoes
35688,Men,Footwear,Shoes,Casual Shoes,Black,Summer,2013.0,Casual,U.S. Polo Assn. Men Black Shoes
41686,Women,Footwear,Shoes,Flats,Black,Winter,2015.0,Casual,Catwalk Women Black Flats
47647,Men,Footwear,Shoes,Formal Shoes,Black,Winter,2012.0,Formal,Carlton London Men Black Formal Shoes
39944,Men,Footwear,Shoes,Casual Shoes,Grey,Summer,2013.0,Casual,GAS Men Grey Namib Shoes
12888,Men,Footwear,Shoes,Sports Shoes,White,Fall,2011.0,Sports,Reebok Men Hex Express LP White Sports Shoes
15896,Girls,Footwear,Sandal,Sandals,Pink,Winter,2012.0,Casual,Warner Bros Kids Girls TW Love flops Pink Slippers
5939,Women,Footwear,Shoes,Casual Shoes,White,Summer,2011.0,Casual,ADIDAS Women's Agashae White Shoe
17045,Men,Footwear,Sandal,Sandals,Brown,Spring,2013.0,Casual,Gas Men Aventura Sandal
53723,Women,Footwear,Flip Flops,Flip Flops,White,Summer,2010.0,Casual,ADIDAS Women White Flip Flops
16150,Men,Footwear,Shoes,Formal Shoes,Brown,Fall,2011.0,Formal,Enroute Men Leather Brown Formal Shoes
16974,Men,Footwear,Sandal,Sandals,Navy Blue,Fall,2011.0,Casual,Puma Men Cooper Navy Blue Sandal
41716,Women,Footwear,Shoes,Heels,White,Winter,2012.0,Casual,Catwalk Women White Wedges
39248,Men,Footwear,Shoes,Casual Shoes,Olive,Winter,2018.0,Casual,Red Chief Men Olive Shoes
2542,Men,Footwear,Flip Flops,Flip Flops,Black,Summer,2011.0,Casual,Numero Uno Men's Casual Black Flip Flop
35802,Women,Footwear,Shoes,Heels,Mustard,Summer,2012.0,Casual,Enroute Women Mustard Flats
26613,Men,Footwear,Shoes,Sports Shoes,Grey,Summer,2012.0,Sports,Puma Men Complete Itana 2 Grey Sports Shoes
6163,Men,Footwear,Flip Flops,Flip Flops,White,Summer,2011.0,Casual,ADIDAS Men's Tread Flip Flop
49511,Men,Footwear,Shoes,Casual Shoes,Grey,Summer,2012.0,Casual,Vans Men Grey Shoes
26638,Men,Footwear,Shoes,Casual Shoes,Red,Summer,2012.0,Casual,Puma Men Drift Red Casual Shoes
10620,Women,Footwear,Flip Flops,Flip Flops,Gold,Fall,2011.0,Casual,Carlton London Women Casual Gold Slippers
40452,Men,Footwear,Shoes,Formal Shoes,Brown,Winter,2018.0,Formal,Red Tape Men Brown Formal Shoes
4025,Unisex,Footwear,Shoes,Casual Shoes,Red,Summer,2011.0,Casual,ADIDAS Unisex High Can Red Black Shoe
12994,Boys,Footwear,Shoes,Sports Shoes,Black,Fall,2011.0,Sports,ADIDAS Kids Boys Duramo Synthetic Black Sports Shoes
54103,Women,Footwear,Shoes,Heels,Black,Winter,2012.0,Casual,Rocia Women Black Flats
35625,Men,Footwear,Sandal,Sandals,Black,Summer,2013.0,Casual,Gliders Men Black Sandals
44933,Men,Footwear,Sandal,Sandals,Brown,Fall,2012.0,Casual,Ganuchi Men Brown Sandals
26527,Men,Footwear,Shoes,Casual Shoes,Red,Spring,2013.0,Casual,Gas Men Freetime Red Casual Shoes
53453,Women,Footwear,Shoes,Flats,Grey,Winter,2015.0,Casual,Catwalk Women Grey Casual Shoes
3311,Women,Footwear,Shoes,Sports Shoes,Silver,Spring,2011.0,Sports,Asics Women Gel Cushioning Running Silver Blue Shoe
15250,Men,Footwear,Shoes,Casual Shoes,Red,Fall,2011.0,Casual,ADIDAS Originals Men SL 72 Red Casual Shoes
17707,Unisex,Footwear,Shoes,Casual Shoes,Black,Fall,2011.0,Casual,Vans unisex Classic Slip-On Black Casual Shoes
57001,Women,Footwear,Shoes,Flats,Black,Winter,2012.0,Casual,HM Women Black Sandals
32408,Unisex,Footwear,Flip Flops,Flip Flops,Red,Summer,2012.0,Casual,Converse Unisex Check Box Red Flip Flops
45623,Men,Footwear,Shoes,Casual Shoes,Brown,Winter,2018.0,Casual,Red Tape Men Brown Shoes
18420,Women,Footwear,Shoes,Sports Shoes,White,Summer,2012.0,Sports,Skechers Women Shape-Ups White Shoe
34727,Women,Footwear,Shoes,Sports Shoes,Black,Fall,2012.0,Sports,Puma Women Axis XT Wn s Black Sports Shoes
47228,Men,Footwear,Shoes,Formal Shoes,Brown,Winter,2012.0,Formal,Franco Leone Men Dark Brown Formal Shoes
20683,Men,Footwear,Shoes,Casual Shoes,Brown,Winter,2012.0,Casual,Buckaroo Men Nieves Brown Casual Shoes
46094,Men,Footwear,Sandal,Sandals,Grey,Summer,2012.0,Casual,ADIDAS Men Grey Climacool Cayoosh Sandals
5470,Men,Footwear,Shoes,Sports Shoes,Black,Summer,2011.0,Sports,Nike Men's Dunk Low Black Shoe
6446,Men,Footwear,Shoes,Casual Shoes,Grey,Summer,2011.0,Casual,Lotto Men's Calcetto Grey Shoe
22704,Men,Footwear,Shoes,Casual Shoes,White,Fall,2011.0,Casual,Nike Men Capri II Mid White Casual Shoes
11831,Men,Footwear,Shoes,Casual Shoes,Brown,Summer,2013.0,Casual,Playboy Men Casual Brown Casual Shoes
11947,Men,Footwear,Sandal,Sandals,Olive,Summer,2012.0,Casual,Ganuchi Men Casual Olive Sandals
4437,Unisex,Footwear,Shoes,Casual Shoes,White,Summer,2011.0,Casual,Converse Unisex Strips White Black Canvas Shoe
17687,Women,Footwear,Shoes,Heels,White,Winter,2015.0,Casual,Catwalk Women Classic White Heels
12924,Men,Footwear,Sandal,Sandals,Black,Spring,2012.0,Casual,iD Men Casual Black Sandals
9384,Men,Footwear,Shoes,Sports Shoes,White,Fall,2011.0,Sports,Nike Men Nike Backboard Grey Sports Shoes
35486,Men,Footwear,Shoes,Sports Shoes,White,Winter,2015.0,Casual,Bata Men Tennis White Sports Shoes
53633,Men,Footwear,Shoes,Casual Shoes,Olive,Summer,2010.0,Casual,ADIDAS Men Olive Shoes
41436,Men,Footwear,Shoes,Sports Shoes,White,Fall,2012.0,Casual,Lee Cooper Men Black & White Sports Shoes
36485,Men,Footwear,Shoes,Casual Shoes,Black,Summer,2012.0,Casual,Spinn Men Newport Black Shoes
53734,Men,Footwear,Shoes,Casual Shoes,Grey,Summer,2012.0,Casual,Puma Men Grey Vintage Ferrari Shoes
24419,Men,Footwear,Shoes,Sports Shoes,White,Summer,2012.0,Sports,ADIDAS Men Barracks Premier White Sports Shoes
41742,Women,Footwear,Shoes,Flats,Brown,Winter,2015.0,Casual,Catwalk Women Brown Sandals
2633,Men,Footwear,Shoes,Heels,Black,Summer,2010.0,Smart Casual,Carlton London Men Black Leather Casual Shoes.
35725,Men,Footwear,Shoes,Sports Shoes,Beige,Summer,2012.0,Sports,Force 10 Men Beige Sports Shoes
23249,Men,Footwear,Shoes,Formal Shoes,Black,Fall,2011.0,Formal,Arrow Men Formal Black Shoes
13014,Women,Footwear,Shoes,Heels,Black,Winter,2012.0,Casual,Inc 5 Women Casual Black Heels
9202,Men,Footwear,Shoes,Casual Shoes,Red,Fall,2011.0,Casual,Puma Men Yacht L Red Casual Shoes
13144,Women,Footwear,Shoes,Heels,Black,Winter,2012.0,Casual,Inc 5 Women Casual Black Heels
57511,Men,Footwear,Shoes,Casual Shoes,Brown,Fall,2012.0,Casual,Provogue Men Brown Casual Shoes
20784,Women,Footwear,Shoes,Flats,Black,Summer,2011.0,Casual,Carlton London Women Classy Black Sandals
41834,Men,Footwear,Shoes,Casual Shoes,Black,Spring,2013.0,Casual,Skechers Men Black Shoes
13901,Men,Footwear,Shoes,Casual Shoes,Black,Fall,2011.0,Casual,Nike Men Sweet Classic High Black Casual Shoes
15716,Women,Footwear,Shoes,Sports Shoes,Grey,Fall,2011.0,Sports,Nike Women Lunarfly+ 2 Grey Sports Shoes
16972,Men,Footwear,Sandal,Sandals,Black,Fall,2011.0,Casual,Puma Men Cooper Black Sandal
46822,Women,Footwear,Shoes,Heels,Multi,Winter,2015.0,Casual,Catwalk Women Multicoloured Heels
13079,Men,Footwear,Shoes,Casual Shoes,White,Fall,2011.0,Casual,Numero Uno Men White Casual Shoes
18601,Men,Footwear,Sandal,Sandals,Black,Fall,2011.0,Sports,Puma Men Black Roque Sandals
39987,Men,Footwear,Shoes,Casual Shoes,Blue,Spring,2013.0,Casual,Gas Men Europa Blue Shoes
13640,Women,Footwear,Shoes,Flats,Purple,Winter,2012.0,Casual,Carlton London Women Purple Flat Shoes
7729,Men,Footwear,Shoes,Casual Shoes,Black,Fall,2011.0,Casual,Puma Men's 917 Mid Funpack Black Yellow White Shoe
10279,Men,Footwear,Shoes,Casual Shoes,Black,Fall,2012.0,Casual,Clarks Men Nature Easy Leather Black Casual Shoes
35418,Men,Footwear,Shoes,Formal Shoes,Black,Summer,2012.0,Formal,Enroute Men Black Formal Shoes
47622,Women,Footwear,Shoes,Heels,Brown,Fall,2014.0,Casual,Portia Women Brown Flats
13275,Women,Footwear,Shoes,Heels,Gold,Winter,2012.0,Casual,Inc 5 Women Casual Gold Heels
56898,Women,Footwear,Shoes,Heels,Gold,Winter,2012.0,Casual,HM Women Golden Heels
15847,Unisex,Footwear,Sandal,Sandals,Blue,Fall,2011.0,Casual,Warner Bros Kids Unisex SD Fly Clog Blue Sandals
19124,Women,Footwear,Flip Flops,Flip Flops,Pink,Fall,2011.0,Casual,Lotto Women XL Kelly Pink Slippers
13115,Men,Footwear,Shoes,Casual Shoes,Black,Fall,2011.0,Casual,Numero Uno Men Casual Black Casual Shoes
44537,Men,Footwear,Sandal,Sandals,Black,Summer,2012.0,Casual,Coolers Men Black Sandals
13991,Women,Footwear,Shoes,Sports Shoes,Black,Fall,2011.0,Sports,Puma Women Body Train Black Sports Shoes
55612,Men,Footwear,Shoes,Formal Shoes,Black,Summer,2012.0,Casual,Numero Uno Men Black Shoes
13138,Men,Footwear,Shoes,Casual Shoes,Blue,Fall,2012.0,Casual,iD Men Blue Casual Shoes
55615,Men,Footwear,Shoes,Casual Shoes,Black,Summer,2012.0,Casual,Numero Uno Men Black Shoes
12863,Men,Footwear,Shoes,Formal Shoes,Black,Spring,2012.0,Formal,Lee Cooper Men Black Formal Shoes
35635,Men,Footwear,Flip Flops,Flip Flops,Black,Summer,2012.0,Casual,Gliders Men Black Flip Flops
4179,Men,Footwear,Shoes,Formal Shoes,Black,Summer,2011.0,Formal,Rockport Men's Tyson Black Shoe
50783,Women,Footwear,Shoes,Heels,Black,Winter,2015.0,Casual,Clarks Women Black Onslow Beat Leather Wedges
31828,Men,Free Items,Free Gifts,Free Gifts,Silver,Winter,2016.0,Casual,Titan Men Off White Dial Watch
45928,Men,Free Items,Free Gifts,Free Gifts,Black,Winter,2016.0,Casual,Maxima Men Black Dial Watch
53627,Men,Free Items,Free Gifts,Free Gifts,White,Winter,2016.0,Casual,Q&Q Men White Dial Watch
53566,Unisex,Free Items,Free Gifts,Free Gifts,White,Winter,2016.0,Casual,Q&Q Kids Unisex White Dial Watch
44963,Men,Free Items,Free Gifts,Free Gifts,Gold,Winter,2016.0,Casual,Maxima Men Gold Dial Watch
29990,Women,Free Items,Free Gifts,Free Gifts,Black,Winter,2016.0,Casual,Aspen Women Black Dial Watch
51075,Women,Free Items,Free Gifts,Free Gifts,Cream,Summer,2012.0,Ethnic,Satya Paul Cream and Brown Saree
29982,Women,Free Items,Free Gifts,Free Gifts,White,Winter,2016.0,Casual,Aspen Women White Dial Watch
15349,Men,Free Items,Free Gifts,Free Gifts,Blue,Winter,2012.0,Sports,Nike Men Blue Team India Cricket Jersey
53598,Men,Free Items,Free Gifts,Free Gifts,Black,Winter,2016.0,Sports,Q&Q Men Black Digital Watch
49718,Men,Free Items,Free Gifts,Ties,Red,Summer,2012.0,Formal,Park Avenue Red Checked Tie
57457,Women,Free Items,Free Gifts,Free Gifts,Mustard,Summer,2015.0,Casual,Pitaraa Women Mustard Clutch
44966,Men,Free Items,Free Gifts,Free Gifts,Gold,Winter,2016.0,Casual,Maxima Men Gold Dial Watch
45279,Women,Free Items,Free Gifts,Free Gifts,Orange,Summer,2015.0,Casual,Lino Perros Women Orange Wallet
29448,Men,Free Items,Free Gifts,Free Gifts,Black,Winter,2016.0,Casual,Giordano Men Black Dial Watch
53596,Men,Free Items,Free Gifts,Free Gifts,Navy Blue,Winter,2016.0,Casual,Q&Q Men Navy Blue Digital Watch
28365,Men,Free Items,Free Gifts,Free Gifts,Brown,Winter,2016.0,Casual,IDEE Men Brown Sunglasses
51077,Women,Free Items,Free Gifts,Free Gifts,Yellow,Summer,2012.0,Ethnic,Satya Paul Yellow Saree
51090,Women,Free Items,Free Gifts,Free Gifts,Red,Summer,2012.0,Ethnic,Satya Paul Red & Grey Saree
28367,Men,Free Items,Free Gifts,Free Gifts,Black,Winter,2016.0,Casual,IDEE Men Steel Sunglasses
45824,Women,Free Items,Vouchers,Ipad,Blue,Summer,2012.0,Casual,Senorita Women Blue Flats
29983,Women,Free Items,Free Gifts,Free Gifts,White,Winter,2016.0,Casual,Aspen Women White Dial Watch
51126,Women,Free Items,Free Gifts,Free Gifts,Pink,Summer,2012.0,Ethnic,Satya Paul Pink Saree
43294,Women,Free Items,Free Gifts,Free Gifts,Maroon,Summer,2015.0,Casual,Murcia Women Maroon Elektra Sling Bag
16943,Women,Free Items,Free Gifts,Free Gifts,Black,Winter,2016.0,Casual,Image Women Black Sunglasses
53617,Unisex,Free Items,Free Gifts,Free Gifts,Black,Winter,2016.0,Casual,Q&Q Unisex Black Digital Watch
50234,Women,Free Items,Free Gifts,Free Gifts,White,Summer,2017.0,Casual,Stoln Women White Sunglasses
33637,Men,Free Items,Free Gifts,Free Gifts,White,Winter,2016.0,Casual,Timex Men White Dial Watch
30084,Men,Free Items,Free Gifts,Free Gifts,Black,Winter,2016.0,Casual,Ed Hardy Men Black & Green Dial Watch
54970,Women,Free Items,Free Gifts,Free Gifts,Pink,Spring,2017.0,Casual,Rasasi Women Body Lotion
47341,Women,Free Items,Free Gifts,Handbags,Black,Summer,2010.0,Casual,Baggit Black Sling Bag
53599,Men,Free Items,Free Gifts,Free Gifts,Black,Winter,2016.0,Sports,Q&Q Men Black Digital Watch
51081,Women,Free Items,Free Gifts,Free Gifts,Yellow,Summer,2012.0,Ethnic,Satya Paul Yellow & Black Saree
25088,Men,Free Items,Free Gifts,Wallets,Black,Summer,2015.0,Casual,Lino Perros Men Leather Black Wallet
57600,Women,Free Items,Free Gifts,Free Gifts,Purple,Spring,2017.0,Casual,Lotus Herbals Moistpetals Royal Plum Lipstick 116
28353,Men,Free Items,Free Gifts,Free Gifts,Black,Winter,2016.0,Casual,IDEE Men Black Sunglasses
52676,Women,Free Items,Free Gifts,Free Gifts,White,Winter,2016.0,Casual,Morellato Women White Dial Watch
38324,Unisex,Free Items,Free Gifts,Free Gifts,Blue,Summer,2012.0,Casual,Puma Unisex Blue Backpack
16937,Women,Free Items,Free Gifts,Free Gifts,Red,Winter,2016.0,Casual,Image Women Sunglasses
51078,Women,Free Items,Free Gifts,Free Gifts,Cream,Summer,2012.0,Ethnic,Satya Paul Cream & Grey Saree
50306,Men,Free Items,Free Gifts,Ties,Red,Summer,2012.0,Formal,Park Avenue Red Patterned Tie
51118,Women,Free Items,Free Gifts,Free Gifts,Green,Summer,2012.0,Ethnic,Satya Paul Green Saree
53618,Unisex,Free Items,Free Gifts,Free Gifts,Black,Winter,2016.0,Casual,Q&Q Unisex Black Digital Watch
51079,Women,Free Items,Free Gifts,Free Gifts,Blue,Summer,2012.0,Ethnic,Satya Paul Blue Saree
29981,Women,Free Items,Free Gifts,Free Gifts,Blue,Winter,2016.0,Casual,Aspen Women Blue Dial Watch
44964,Men,Free Items,Free Gifts,Free Gifts,White,Winter,2016.0,Casual,Maxima Men White Dial Watch
51115,Women,Free Items,Free Gifts,Free Gifts,Magenta,Summer,2012.0,Ethnic,Satya Paul Magenta Saree
43286,Women,Free Items,Free Gifts,Free Gifts,Maroon,Summer,2015.0,Casual,Murcia Women Maroon Satchel
10595,Women,Free Items,Free Gifts,Free Gifts,Grey,Winter,2016.0,Casual,Esprit Women Cascade Grey Dial Watch
15658,Unisex,Free Items,Free Gifts,Free Gifts,Blue,Winter,2016.0,Casual,Belkin Unisex Simple Messenger Blue Handbags
49706,Men,Free Items,Free Gifts,Free Gifts,Blue,Summer,2012.0,Casual,Park Avenue Men Blue Printed Tie
51135,Men,Free Items,Free Gifts,Free Gifts,Black,Summer,2012.0,Casual,Park Avenue Men Black Socks
39031,Men,Free Items,Free Gifts,Free Gifts,White,Winter,2016.0,Casual,Casio G-SHOCK GD-100WW-7DR
25140,Women,Free Items,Free Gifts,Clutches,Metallic,Summer,2016.0,Party,Lino Perros Gunmetal-Toned Clutch
18434,Women,Free Items,Free Gifts,Laptop Bag,Purple,Summer,2015.0,Casual,Vital Gear Women Purple Laptop Bag
45301,Men,Free Items,Free Gifts,Free Gifts,Black,Summer,2012.0,Formal,Van Heusen Men Black & Brown Reversible Belt
45894,Men,Free Items,Free Gifts,Free Gifts,Black,Winter,2016.0,Casual,Maxima Men Black Dial Watch
43285,Women,Free Items,Free Gifts,Backpacks,Black,Summer,2016.0,Casual,Murcia Women Black Backpack
44965,Men,Free Items,Free Gifts,Free Gifts,White,Winter,2016.0,Casual,Maxima Men White Dial Watch
51091,Women,Free Items,Free Gifts,Free Gifts,Green,Summer,2012.0,Ethnic,Satya Paul Green Saree
51108,Women,Free Items,Free Gifts,Free Gifts,Blue,Summer,2012.0,Ethnic,Satya Paul Blue Saree
29975,Women,Free Items,Free Gifts,Free Gifts,Black,Winter,2016.0,Casual,Aspen Women Black Dial Watch
51124,Women,Free Items,Free Gifts,Free Gifts,Charcoal,Summer,2012.0,Ethnic,Satya Paul Charcoal Saree
53579,Men,Free Items,Free Gifts,Free Gifts,Blue,Winter,2016.0,Casual,Q&Q Men Blue Dial Watch
51073,Women,Free Items,Free Gifts,Free Gifts,Olive,Summer,2012.0,Ethnic,Satya Paul Olive Saree
49737,Men,Free Items,Free Gifts,Ties,Blue,Summer,2012.0,Formal,Park Avenue Blue Paisley Pattern Tie
45004,Men,Free Items,Free Gifts,Free Gifts,Black,Winter,2016.0,Casual,Maxima Men Scuba Digital Watch
53568,Unisex,Free Items,Free Gifts,Free Gifts,White,Winter,2016.0,Casual,Q&Q Kids Unisex White Dial Watch
53619,Unisex,Free Items,Free Gifts,Free Gifts,Blue,Winter,2016.0,Casual,Q&Q Unisex Blue Digital Watch
29985,Women,Free Items,Free Gifts,Free Gifts,Black,Winter,2016.0,Casual,Aspen Women Black Dial Watch
54969,Men,Free Items,Free Gifts,Free Gifts,Black,Spring,2017.0,Casual,Rasasi Men Dynamic Energy Deo
36764,Men,Free Items,Free Gifts,Free Gifts,Green,Winter,2016.0,Casual,Maxima Men Green Dial Watch
54967,Men,Free Items,Free Gifts,Free Gifts,Black,Spring,2017.0,Casual,Rasasi Men Olympic Flame Deo
44969,Men,Free Items,Free Gifts,Free Gifts,Gold,Winter,2016.0,Casual,Maxima Men Gold Dial Watch
43540,Men,Free Items,Free Gifts,Free Gifts,White,Winter,2016.0,Casual,Timex Men White Dial Watch
53567,Unisex,Free Items,Free Gifts,Free Gifts,White,Winter,2016.0,Casual,Q&Q Kids Unisex White Dial Watch
51092,Women,Free Items,Free Gifts,Free Gifts,Black,Summer,2012.0,Ethnic,Satya Paul Black and White Saree
44992,Men,Free Items,Free Gifts,Free Gifts,Black,Winter,2016.0,Casual,Maxima Men Digital Multifunction Watch
23482,Men,Free Items,Free Gifts,Scarves,Black,Summer,2012.0,Casual,Arrow Men Black & White Scarf
49747,Men,Free Items,Free Gifts,Free Gifts,Red,Summer,2012.0,Casual,Park Avenue Men Red Printed Broad Tie
51084,Women,Free Items,Free Gifts,Free Gifts,Blue,Summer,2012.0,Ethnic,Satya Paul Blue Saree
51088,Women,Free Items,Free Gifts,Free Gifts,White,Summer,2012.0,Ethnic,Satya Paul White Saree
36763,Men,Free Items,Free Gifts,Free Gifts,Green,Winter,2016.0,Casual,Maxima Men Green Dial Watch
37701,Unisex,Free Items,Free Gifts,Backpacks,Blue,Summer,2015.0,Casual,AMERICAN TOURISTER Unisex Blue Printed Backpack
36777,Men,Free Items,Free Gifts,Free Gifts,White,Winter,2016.0,Casual,Maxima Men White Dial Watch
44962,Men,Free Items,Free Gifts,Free Gifts,Black,Winter,2016.0,Casual,Maxima Men Black Watch
57264,Women,Free Items,Free Gifts,Free Gifts,Black,Summer,2015.0,Casual,Murcia Women Black Handbag
54968,Men,Free Items,Free Gifts,Free Gifts,Black,Spring,2017.0,Casual,Rasasi Men Skill Power Deo
49696,Men,Free Items,Free Gifts,Ties,Blue,Summer,2012.0,Formal,Park Avenue Blue Patterned Tie
53592,Men,Free Items,Free Gifts,Free Gifts,White,Winter,2016.0,Casual,Q&Q Men White Dial Watch
51119,Women,Free Items,Free Gifts,Free Gifts,Purple,Summer,2012.0,Ethnic,Satya Paul Purple Saree
53591,Men,Free Items,Free Gifts,Free Gifts,White,Winter,2016.0,Casual,Q&Q Men White Dial Watch
49717,Men,Free Items,Free Gifts,Ties,Black,Summer,2012.0,Formal,Park Avenue Black & Red Checked Tie
48331,Women,Free Items,Free Gifts,Free Gifts,Bronze,Summer,2015.0,Casual,Pitaraa Women Bronze Clutch
30029,Men,Free Items,Free Gifts,Free Gifts,White,Winter,2016.0,Casual,Kenneth Cole Men White Dial Watch
29455,Men,Free Items,Free Gifts,Free Gifts,Black,Winter,2016.0,Casual,Giordano Men Black Dial Watch
44968,Men,Free Items,Free Gifts,Free Gifts,Black,Winter,2016.0,Casual,Maxima Men Black Dial Watch
11212,Men,Free Items,Free Gifts,Free Gifts,Steel,Winter,2016.0,Casual,ESPRIT Men Corso Silver Watch
53623,Men,Free Items,Free Gifts,Free Gifts,Black,Winter,2016.0,Casual,Q&Q Men Black Watch
44975,Men,Free Items,Free Gifts,Free Gifts,Silver,Winter,2016.0,Casual,Maxima Men Silver Dial Watch
28347,Men,Free Items,Free Gifts,Free Gifts,Black,Winter,2016.0,Casual,IDEE Men Black Sunglasses
29461,Women,Free Items,Free Gifts,Free Gifts,White,Winter,2016.0,Casual,Giordano Women White Dial Watch
28422,Men,Free Items,Free Gifts,Free Gifts,Brown,Winter,2016.0,Casual,IDEE Men Brown Sunglasses
38437,Women,Free Items,Free Gifts,Handbags,Purple,Summer,2010.0,Casual,Baggit Purple Sling Bag
36346,Men,Free Items,Free Gifts,Free Gifts,Maroon,Summer,2012.0,Casual,Reid & Taylor Men Maroon Checked Tie
40826,Unisex,Home,Home Furnishing,Cushion Covers,Yellow,Fall,2012.0,Home,Swayam Unisex Yellow and Orange Cushion Covers (Set of 2)
36565,Women,Personal Care,Fragrance,Deodorant,Red,Spring,2017.0,Casual,United Colors of Benetton Women Deo
44000,Men,Personal Care,Fragrance,Perfume and Body Mist,Blue,Spring,2017.0,Casual,Police Men Freedom Perfume
55980,Women,Personal Care,Lips,Lipstick,Brown,Spring,2017.0,Casual,Colorbar Velvet Dark Brown Matte Bare Lipstick 58 BR
44147,Men,Personal Care,Fragrance,Deodorant,Red,Spring,2017.0,Casual,Nike Fragrances Men Extreme Deo
44096,Men,Personal Care,Fragrance,Deodorant,Grey,Spring,2017.0,Casual,BOSS Men Grey Deo
56012,Women,Personal Care,Lips,Lipstick,Red,Spring,2017.0,Casual,Colorbar Soft Touch Garnet Lipstick 044
55891,Women,Personal Care,Nails,Nail Polish,Blue,Spring,2017.0,Casual,Colorbar Exclusive Nail Lacquer 14
55448,Women,Personal Care,Lips,Lipstick,Red,Spring,2017.0,Casual,Revlon Latino Kiss Lipcolor 19
44049,Men,Personal Care,Fragrance,Deodorant,Blue,Spring,2017.0,Casual,Boss Men Pure Deo
56014,Women,Personal Care,Lips,Lipstick,Lavender,Spring,2017.0,Casual,Colorbar Soft Touch Amethyst Lipstick 042
55347,Women,Personal Care,Fragrance,Perfume and Body Mist,Blue,Spring,2017.0,Casual,Revlon Women Instinct Perfume
36935,Men,Personal Care,Fragrance,Perfume and Body Mist,Blue,Spring,2017.0,Casual,Ralph Lauren Men Perfume
55471,Women,Personal Care,Lips,Lipstick,Red,Spring,2017.0,Casual,Revlon Cha Cha Cherry Super Lustrous Lipstick 626
46660,Men,Personal Care,Fragrance,Deodorant,Grey,Spring,2017.0,Casual,Rasasi Men Deo
55500,Women,Personal Care,Lips,Lip Gloss,Pink,Spring,2017.0,Casual,Revlon Crystal Lilac Colorburst Lip Gloss 002
46943,Women,Personal Care,Fragrance,Perfume and Body Mist,Yellow,Spring,2017.0,Casual,York Women Secrets Perfume
55165,Women,Personal Care,Nails,Nail Polish,Purple,Spring,2017.0,Casual,Lakme True Wear Classics Clear Glass Nail Polish 012
44127,Men,Personal Care,Fragrance,Deodorant,Grey,Spring,2017.0,Casual,Boss Men In Motion Deo
55332,Women,Personal Care,Hair,Hair Colour,Brown,Spring,2017.0,Casual,Revlon Color Silk Light Golden Brown Hair Colour 5G
49092,Women,Personal Care,Lips,Lip Liner,Coffee Brown,Spring,2017.0,Casual,Deborah 24 Ore Lip Liner 219
56118,Women,Personal Care,Lips,Lipstick,Pink,Spring,2017.0,Casual,Colorbar Coral Crush Lip Pot 006
45715,Men,Personal Care,Fragrance,Deodorant,Black,Spring,2017.0,Casual,Reebok Men Reeavenge Deo
44090,Men,Personal Care,Fragrance,Perfume and Body Mist,Blue,Spring,2017.0,Casual,Boss Men Collector's Edition Perfume
57593,Women,Personal Care,Lips,Lipstick,Brown,Spring,2017.0,Casual,Lotus Herbals Moistpetals Coral Cove Lipstick 145
55480,Women,Personal Care,Lips,Lip Liner,Brown,Spring,2017.0,Casual,Revlon Colorstay Chocolates Lip Liner
55577,Women,Personal Care,Makeup,Compact,Pink,Spring,2017.0,Casual,Revlon Touch & Glow Rose Matte Moisturising Powder 64
59949,Women,Personal Care,Fragrance,Deodorant,Orange,Spring,2017.0,Casual,Taylor of London Women Hawaii Deo
55354,Women,Personal Care,Nails,Nail Polish,Beige,Spring,2017.0,Casual,Revlon Sand Mist Nail Polish 394
30976,Men,Personal Care,Fragrance,Perfume and Body Mist,Red,Spring,2017.0,Casual,Cartier Men Declaration Perfume
55427,Women,Personal Care,Lips,Lipstick,Pink,Spring,2017.0,Casual,Revlon Moisture Stay Mica Lipstick 15
55157,Women,Personal Care,Nails,Nail Polish,Red,Spring,2017.0,Casual,Lakme True Wear Classics Ruby Red Nail Polish 405
46669,Men,Personal Care,Fragrance,Deodorant,Black,Spring,2017.0,Casual,Rasasi Men Deo
55126,Women,Personal Care,Nails,Nail Polish,Pink,Spring,2017.0,Casual,Lakme Truewear Color Crush Nail Polish 14
26849,Men,Personal Care,Fragrance,Perfume and Body Mist,Black,Spring,2017.0,Casual,Calvin Klein Men Be Perfume
46952,Women,Personal Care,Fragrance,Perfume and Body Mist,Purple,Spring,2017.0,Casual,York Women Gracia Perfume
55931,Women,Personal Care,Nails,Nail Polish,White,Spring,2017.0,Casual,Colorbar Ice Spice Nail Lacquer 34
55458,Women,Personal Care,Lips,Lipstick,Pink,Spring,2017.0,Casual,Revlon Rose Velvet Super Lustrous Lipstick 306
49086,Women,Personal Care,Makeup,Compact,Skin,Spring,2017.0,Casual,Deborah Ultrafine Compact Powder 01
55564,Women,Personal Care,Fragrance,Deodorant,Pink,Spring,2017.0,Casual,Revlon Love Her Madly Deo
55369,Women,Personal Care,Nails,Nail Polish,Silver,Spring,2017.0,Casual,Revlon Silver Spell Nail Polish 337
46299,Women,Personal Care,Fragrance,Perfume and Body Mist,White,Spring,2017.0,Casual,Jacques M Women Jacques M Fragrances Fragrances
56547,Women,Personal Care,Lips,Lip Liner,Red,Spring,2017.0,Casual,Streetwear Stay On Longwear Ruby Lip Liner 03
49162,Women,Personal Care,Makeup,Kajal and Eyeliner,Black,Spring,2017.0,Casual,Deborah Kajal 104
55983,Women,Personal Care,Lips,Lipstick,Burgundy,Spring,2017.0,Casual,Colorbar Velvet Matte Forever Mauve Lipstick 50MA
44069,Men,Personal Care,Fragrance,Perfume and Body Mist,Silver,Spring,2017.0,Casual,Hugo Men Element Perfume
57880,Women,Personal Care,Skin Care,Face Scrub and Exfoliator,Green,Spring,2017.0,Casual,Biotique Women Bio Walnut Purifying & Polishing Scrub
55321,Women,Personal Care,Skin,Face Moisturisers,White,Spring,2017.0,Casual,Revlon Touch & Glow Advanced Sun Care Daily Moisturising Lotion
55587,Women,Personal Care,Lips,Lip Gloss,Burgundy,Spring,2017.0,Casual,Revlon ColorStay Overtime Boundless Brandy Lip Gloss 250
55154,Women,Personal Care,Nails,Nail Polish,Brown,Spring,2017.0,Casual,Lakme True Wear Classics Nail Polish 1
56363,Men,Personal Care,Fragrance,Perfume and Body Mist,Blue,Spring,2017.0,Casual,Tommy Hilfiger Men 100 ml Perfume
55470,Women,Personal Care,Lips,Lipstick,Brown,Spring,2017.0,Casual,Revlon Super Lusterous Chocolate Velvet Lipstick 302
28217,Women,Personal Care,Fragrance,Deodorant,Pink,Spring,2017.0,Casual,YARDLEY Women English Rose Body Spray
44045,Men,Personal Care,Fragrance,Perfume and Body Mist,Red,Spring,2017.0,Casual,Hugo Men Energise Perfume
55299,Women,Personal Care,Makeup,Eyeshadow,Bronze,Spring,2017.0,Casual,Lakme Absolute Eye Chromatic Day Shimmer Baked Eye Shadow
55518,Women,Personal Care,Hair,Hair Colour,Brown,Spring,2017.0,Casual,Revlon Top Speed 65 Dark Brown Ammonia-Free Hair Colour
55289,Women,Personal Care,Makeup,Highlighter and Blush,Bronze,Spring,2017.0,Casual,Lakme Earth Blaze Face Sheer
56075,Women,Personal Care,Lips,Lip Liner,Mauve,Spring,2017.0,Casual,Colorbar Plum Lip Liner/Crayon 004
56444,Women,Personal Care,Nails,Nail Polish,Red,Spring,2017.0,Casual,Streetwear Shine Divine Cherry Divine Nail Enamel 16
46716,Women,Personal Care,Fragrance,Perfume and Body Mist,White,Spring,2017.0,Casual,Rasasi Women Innocence Perfume
55542,Women,Personal Care,Makeup,Kajal and Eyeliner,Black,Spring,2017.0,Casual,Revlon Black Color Stay Pen Eyeliner
46661,Men,Personal Care,Fragrance,Deodorant,Blue,Spring,2017.0,Casual,Rasasi Men Instincts Deo
26737,Men,Personal Care,Fragrance,Deodorant,Brown,Spring,2017.0,Casual,Reebok Men Reesport Deo
55434,Women,Personal Care,Lips,Lipstick,Red,Spring,2017.0,Casual,Revlon Ruby Colorburst Lipstick 85
56081,Women,Personal Care,Lips,Lip Gloss,Silver,Spring,2017.0,Casual,Colorbar Clear Glaze Star Shine Lip Gloss 015
55538,Women,Personal Care,Makeup,Eyeshadow,Multi,Spring,2017.0,Casual,Revlon Wild Orchids Illuminance Creme Eye Shadow
26785,Men,Personal Care,Fragrance,Deodorant,Red,Spring,2017.0,Casual,Reebok Men Pack of 3 Deos
44954,Men,Personal Care,Fragrance,Deodorant,Black,Spring,2017.0,Casual,Kama Sutra Men Storm Deo
55351,Women,Personal Care,Bath and Body,Nail Essentials,Purple,Spring,2017.0,Casual,Revlon Extra Gentle Nail Polish Remover
49135,Women,Personal Care,Eyes,Kajal and Eyeliner,Bronze,Spring,2017.0,Casual,Deborah 24 Ore Eye Pencil 266
55205,Women,Personal Care,Lips,Lipstick,Brown,Spring,2017.0,Casual,Lakme Lip Love Dark Desire Lipstick B122A
55466,Women,Personal Care,Lips,Lipstick,Red,Spring,2017.0,Casual,Revlon Kiss Me Coral Super Lustrous Lipstick 750
56464,Women,Personal Care,Nails,Nail Polish,Pink,Spring,2017.0,Casual,Streetwear Pink Petals Nail Polish 34
32528,Men,Personal Care,Fragrance,Deodorant,Silver,Spring,2017.0,Casual,Tonino Lamborghini Men Mitico Deo
26781,Men,Personal Care,Fragrance,Deodorant,Blue,Spring,2017.0,Casual,Reebok Men Pack of 3 Deos
57615,Women,Personal Care,Skin Care,Sunscreen,Orange,Spring,2017.0,Casual,Lotus Herbals UV Screen Matte Gel 50g
55496,Women,Personal Care,Lips,Lip Gloss,Pink,Spring,2017.0,Casual,Revlon ColorBurst Hot Pink Lip Gloss 10
56424,Women,Personal Care,Makeup,Highlighter and Blush,Pink,Spring,2017.0,Casual,Streetwear Stay On Blush Blusher
56616,Women,Personal Care,Makeup,Highlighter and Blush,Peach,Spring,2017.0,Casual,Streetwear Stay On Mineral Peppy Apricot Blusher
23544,Men,Personal Care,Fragrance,Deodorant,Black,Spring,2017.0,Casual,Police Men Original Deo
25995,Men,Personal Care,Fragrance,Perfume and Body Mist,Green,Spring,2017.0,Casual,Jaguar Casual Men Perfume
32525,Men,Personal Care,Fragrance,Perfume and Body Mist,Silver,Spring,2017.0,Casual,Tonino Lamborghini Men Mitico Perfume
44053,Women,Personal Care,Fragrance,Perfume and Body Mist,Grey,Spring,2017.0,Casual,Boss Women Perfume
44159,Men,Personal Care,Fragrance,Fragrance Gift Set,Green,Spring,2017.0,Casual,Carlos Moya Men Fragrances Gift Set
41899,Men,Personal Care,Fragrance,Perfume and Body Mist,Black,Spring,2017.0,Casual,Playboy Men Ibiza Perfume Buy 1 Get 1 free
55081,Women,Personal Care,Skin Care,Face Wash and Cleanser,Pink,Spring,2017.0,Casual,Ponds White Beauty Daily Spot-less Lightening Facial Foam
57712,Women,Personal Care,Lips,Lip Liner,Maroon,Spring,2017.0,Casual,Lotus Herbals Seduction Ruby Desire Lip Contour Definer 51
55844,Women,Personal Care,Nails,Nail Polish,Pink,Spring,2017.0,Casual,Colorbar Pro Plum de La Plum Nail Lacquer 051
55065,Women,Personal Care,Lips,Lipstick,Pink,Spring,2017.0,Casual,Lakme Enrich Satins Lipstick 128
18447,Men,Personal Care,Fragrance,Perfume and Body Mist,White,Spring,2017.0,Casual,Ed Hardy Love & Luck Men Perfumes
26858,Women,Personal Care,Fragrance,Perfume and Body Mist,Blue,Spring,2017.0,Casual,Davidoff Women Cool Water Perfume
59863,Women,Personal Care,Skin Care,Eye Cream,Black,Spring,2017.0,Casual,Olay Women Total Effects Anti-Ageing Eye Cream
18462,Men,Personal Care,Fragrance,Perfume and Body Mist,White,Spring,2017.0,Casual,David Beckham Intense Instinct Men Perfumes
55072,Women,Personal Care,Eyes,Mascara,Black,Spring,2017.0,Casual,Lakme Lash Artist Mascara
44959,Women,Personal Care,Fragrance,Deodorant,Pink,Spring,2017.0,Casual,Fogg Women Essence Deo
27318,Women,Personal Care,Fragrance,Perfume and Body Mist,Blue,Spring,2017.0,Casual,ADIDAS Women Pure Lightness Perfume
55856,Women,Personal Care,Nails,Nail Polish,Red,Spring,2017.0,Casual,Colorbar Pro Rosie Nail Lacquer 015
56122,Women,Personal Care,Makeup,Foundation and Primer,Skin,Spring,2017.0,Casual,Colorbar Beige Perfect Match Foundation
56543,Women,Personal Care,Eyes,Mascara,White,Spring,2017.0,Casual,Streetwear Sheer Mascara
21241,Men,Personal Care,Fragrance,Deodorant,Blue,Spring,2017.0,Casual,Manchester United Men Deo
56504,Women,Personal Care,Nails,Nail Polish,Magenta,Spring,2017.0,Casual,Streetwear Quick Dry Mystique Magenta Nail Polish 02
56535,Women,Personal Care,Lips,Lipstick,Brown,Spring,2017.0,Casual,Streetwear Satin Smooth Eclairs Lipcolor 11
45773,Men,Personal Care,Fragrance,Deodorant,Gold,Spring,2017.0,Casual,Lomani Men Deo
56034,Women,Personal Care,Lips,Lipstick,Brown,Spring,2017.0,Casual,ColorBar Soft Touch Mistique Lipstick 013
57643,Women,Personal Care,Nails,Nail Polish,Pink,Spring,2017.0,Casual,Lotus Herbals Colour Dew Pink Doll Nail Polish 98
55394,Women,Personal Care,Makeup,Makeup Remover,White,Spring,2017.0,Casual,Revlon Eye & Lip Makeup Remover
26029,Men,Personal Care,Fragrance,Perfume and Body Mist,Black,Spring,2017.0,Casual,Slazenger Men Extreme Perfume
56379,Women,Personal Care,Fragrance,Perfume and Body Mist,Green,Spring,2017.0,Casual,DKNY Women Sweet Delicious 50 ml Perfume
45690,Women,Personal Care,Fragrance,Perfume and Body Mist,Pink,Spring,2017.0,Casual,Tous Women Perfume
23574,Men,Personal Care,Fragrance,Perfume and Body Mist,Black,Spring,2017.0,Casual,Boss Men Soul Perfume
43125,Women,Personal Care,Fragrance,Perfume and Body Mist,Gold,Spring,2017.0,Casual,David Beckham Women Intimately Yours Eau De Toilette 75ml
56032,Women,Personal Care,Lips,Lipstick,Brown,Spring,2017.0,Casual,ColorBar Soft Touch Fleuron Lipstick 015
55128,Women,Personal Care,Nails,Nail Polish,Pink,Spring,2017.0,Casual,Lakme Truewear Color Crush Nail Polish 12
55334,Women,Personal Care,Hair,Hair Colour,Brown,Spring,2017.0,Casual,Revlon Colorsilk 3N Dark Brown Hair Colour
46793,Women,Personal Care,Fragrance,Perfume and Body Mist,Off White,Spring,2017.0,Casual,Carolina Herrera Women 50 ml Perfume
18446,Men,Personal Care,Fragrance,Perfume and Body Mist,White,Spring,2017.0,Casual,Ed Hardy Natural Men Perfumes
56022,Women,Personal Care,Lips,Lipstick,Brown,Spring,2017.0,Casual,Colorbar Flamingo Soft Touch Lipstick 033
45716,Men,Personal Care,Fragrance,Deodorant,Green,Spring,2017.0,Casual,Reebok Men Reeavenge Deo
56080,Women,Personal Care,Lips,Lip Gloss,Red,Spring,2017.0,Casual,Colorbar Star Shine Coral Glaze Lip Gloss 016
56042,Women,Personal Care,Lips,Lipstick,Purple,Spring,2017.0,Casual,Colorbar Plum Dressing Lipstick 09
55490,Women,Personal Care,Lips,Lip Gloss,Rose,Spring,2017.0,Casual,Revlon Rose Gold Colorburst Lip Gloss 026
28265,Men,Personal Care,Fragrance,Deodorant,Blue,Spring,2017.0,Casual,Gatsby Men Classic Deo
55148,Women,Personal Care,Nails,Nail Polish,Red,Spring,2017.0,Casual,Lakme True Wear Freespirit Nail Polish D416
55457,Women,Personal Care,Lips,Lipstick,Pink,Spring,2017.0,Casual,Revlon Rose Dew Super Lustrous Lipstick 407
46688,Men,Personal Care,Fragrance,Perfume and Body Mist,Blue,Spring,2017.0,Casual,Rasasi Men Royale Perfume
46790,Men,Personal Care,Fragrance,Perfume and Body Mist,Blue,Spring,2017.0,Casual,Nautilus Men Aqua 50 ml Perfume
56584,Women,Personal Care,Makeup,Highlighter and Blush,Skin,Spring,2017.0,Casual,Streetwear Crystal Ivory Shine Face Brightener
58958,Men,Personal Care,Fragrance,Deodorant,Blue,Spring,2017.0,Casual,Denim Original Men DeoMax Body Spray
56137,Women,Personal Care,Makeup,Eyeshadow,Green,Spring,2017.0,Casual,Colorbar Green Stroke Eye Shadow
58962,Men,Personal Care,Fragrance,Perfume and Body Mist,Silver,Spring,2017.0,Casual,Colour me Men Silver Perfume
57887,Women,Personal Care,Skin,Mask and Peel,Pink,Spring,2017.0,Casual,Biotique Bio Fruit Whitening and Depigmentation Face Pack
55396,Women,Personal Care,Eyes,Mascara,Black,Spring,2017.0,Casual,Revlon Grow Luscious Blackest Black Mascara & Lash Enhancer 5354-01
49158,Women,Personal Care,Makeup,Foundation and Primer,Skin,Spring,2017.0,Casual,Deborah Fair Colour Copy Mat Effect 0 Foundation
22548,Women,Personal Care,Fragrance,Deodorant,Purple,Spring,2017.0,Casual,Reebok Women Reestyle Deo
57885,Women,Personal Care,Skin,Mask and Peel,Green,Spring,2017.0,Casual,Biotique Bio Mud Ageless Firming & Revitalizing Face Pack
54995,Women,Personal Care,Lips,Lipstick,Purple,Spring,2017.0,Casual,Lakme Absolute Night Glam Lip Last
25994,Men,Personal Care,Fragrance,Perfume and Body Mist,Black,Spring,2017.0,Casual,Jaguar Prestige Men Perfume
44035,Men,Personal Care,Fragrance,Perfume and Body Mist,Blue,Spring,2017.0,Casual,Boss Men In Motion Perfume
46682,Men,Personal Care,Fragrance,Perfume and Body Mist,Silver,Spring,2017.0,Casual,Rasasi Men Emotion Perfume
46919,Men,Personal Care,Fragrance,Perfume and Body Mist,Blue,Spring,2017.0,Casual,York Men Perfume
55293,Women,Personal Care,Lips,Lip Gloss,Peach,Spring,2017.0,Casual,Lakme Absolute Coralshine Plump & Shine Lip Gloss
49129,Women,Personal Care,Makeup,Concealer,Skin,Spring,2017.0,Casual,Deborah Medium Beige 24 Ore Perfect Concealer 4
55944,Women,Personal Care,Nails,Nail Polish,Brown,Spring,2017.0,Casual,Colorbar Brownie Nail Lacquer 13
55173,Women,Personal Care,Nails,Nail Polish,Red,Spring,2017.0,Casual,Lakme Absolute Fast & Fabulous Crimson Fire Nail Polish 24
58989,Men,Personal Care,Fragrance,Deodorant,White,Spring,2017.0,Casual,Cavallini Men Deo
44164,Men,Personal Care,Fragrance,Perfume and Body Mist,Orange,Spring,2017.0,Casual,Nike Fragrances Men On Fire Perfume 150 ml
57567,Women,Personal Care,Lips,Lipstick,Pink,Spring,2017.0,Casual,Lotus Herbals Pure Colors Moisturising   Lilac Beauty Lipstick 644
55866,Women,Personal Care,Nails,Nail Polish,Blue,Spring,2017.0,Casual,Colorbar Turquoise Nail Lacquer 88
56537,Women,Personal Care,Lips,Lipstick,Pink,Spring,2017.0,Casual,Streetwear Women Satin Smooth Cherry Crush Lipstick o9
46644,Men,Personal Care,Fragrance,Deodorant,Blue,Spring,2017.0,Casual,Rasasi Men Royal Blue Deo
56178,Women,Personal Care,Makeup,Concealer,Beige,Spring,2017.0,Casual,Colorbar Sand Beige Concealer 003
23570,Men,Personal Care,Fragrance,Fragrance Gift Set,Black,Spring,2017.0,Casual,Boss Men Casual Perfume and Shower Gel
57662,Women,Personal Care,Nails,Nail Polish,Copper,Spring,2017.0,Casual,Lotus Herbals Rich Auburn Nail Polish 971
44030,Men,Personal Care,Perfumes,Perfume and Body Mist,Orange,Spring,2017.0,Casual,dunhill Men Pursuit Perfume
55098,Women,Personal Care,Skin,Face Moisturisers,Cream,Spring,2017.0,Casual,Ponds Gold Radiance Youthful Night Repair Moisturiser
55022,Women,Personal Care,Lips,Lipstick,Purple,Spring,2017.0,Casual,Lakme Absolute Matte Grape Blossom Lipstick 209
49112,Women,Personal Care,Makeup,Foundation and Primer,Skin,Spring,2017.0,Casual,Deborah New Skin Compact Foundation 03
57782,Women,Personal Care,Skin Care,Face Moisturisers,Cream,Spring,2017.0,Casual,Lotus Herbals Nutramoist Skin Renewal Daily Cream
55263,Women,Personal Care,Makeup,Kajal and Eyeliner,Grey,Spring,2017.0,Casual,Lakme Fantasy Midnight Moon Shimmer Eye Liner
56076,Women,Personal Care,Lips,Lip Liner,Maroon,Spring,2017.0,Casual,Colorbar Moody Maroon Lip Liner 003
43975,Women,Personal Care,Fragrance,Perfume and Body Mist,Brown,Spring,2017.0,Casual,DKNY Women Be Delicious Perfume
57601,Women,Personal Care,Lips,Lipstick,Rose,Spring,2017.0,Casual,Lotus Herbals Moistpetals Rose Glide Lipstick 115
46637,Women,Personal Care,Fragrance,Deodorant,White,Spring,2017.0,Casual,Rasasi Women Feelings Deo
46723,Women,Personal Care,Fragrance,Perfume and Body Mist,Black,Spring,2017.0,Casual,Rasasi Women Unique Perfume
56142,Women,Personal Care,Makeup,Eyeshadow,Gold,Spring,2017.0,Casual,Colorbar Gorgeous Gold Eye Shadow 001
32527,Men,Personal Care,Fragrance,Deodorant,Blue,Spring,2017.0,Casual,Tonino Lamborghini Men Forza Deo
55915,Women,Personal Care,Nails,Nail Polish,Silver,Spring,2017.0,Casual,Colorbar Steel Etto Nail Lacquer 64
55120,Women,Personal Care,Nails,Nail Polish,Pink,Spring,2017.0,Casual,Lakme Truewear Color Crush Nail Polish 20
58979,Men,Personal Care,Fragrance,Deodorant,Green,Spring,2017.0,Casual,Colour me Men Green Deo
56176,Women,Personal Care,Makeup,Kajal and Eyeliner,Purple,Spring,2017.0,Casual,Colorbar Purple Hue Eye Liner 002
49113,Women,Personal Care,Makeup,Foundation and Primer,Skin,Spring,2017.0,Casual,Deborah New Skin Compact Foundation 04
37907,Unisex,Personal Care,Fragrance,Perfume and Body Mist,Gold,Spring,2017.0,Casual,RNC Unisex Vetiver Perfume
57552,Women,Personal Care,Lips,Lipstick,Copper,Spring,2017.0,Casual,Lotus Herbals Floralstay Copper Toast Lip Color 424
55370,Women,Personal Care,Nails,Nail Polish,Pink,Spring,2017.0,Casual,Revlon Iced Mauve Nail Polish 333
56067,Women,Personal Care,Lips,Lipstick,Red,Spring,2017.0,Casual,ColorBar Diva Red She Said Lipstick DL002
57637,Women,Personal Care,Nails,Nail Polish,Pink,Spring,2017.0,Casual,Lotus Herbals Fuschia Drop Nail Polish 949
59951,Women,Personal Care,Fragrance,Deodorant,Blue,Spring,2017.0,Casual,Taylor of London Lace Perfumed Body Spray
49142,Women,Personal Care,Lips,Lip Gloss,Peach,Spring,2017.0,Casual,Deborah Peach Coloured Euphoric Shine 12 Lip Gloss
55521,Women,Personal Care,Makeup,Foundation and Primer,Skin,Spring,2017.0,Casual,Revlon PhotoReady Medium Beige Makeup 006
56634,Women,Personal Care,Skin Care,Face Wash and Cleanser,Black,Spring,2017.0,Casual,Olay Women Total Effects 7 in 1 Foaming Cleanser
55164,Women,Personal Care,Nails,Nail Polish,White,Spring,2017.0,Casual,Lakme True Wear Classics Vanilla Nail Color 014
55582,Women,Personal Care,Makeup,Highlighter and Blush,Peach,Spring,2017.0,Casual,Revlon Everything Rosy Powder Blush 15
45772,Men,Personal Care,Fragrance,Deodorant,Grey,Spring,2017.0,Casual,Lomani Men Deo
56526,Women,Personal Care,Lips,Lipstick,Pink,Spring,2017.0,Casual,Streetwear Satin Smooth Raspberry Lipcolor 07
46773,Men,Personal Care,Fragrance,Perfume and Body Mist,Grey,Spring,2017.0,Casual,Euroluxe Men Steel Perfume
44017,Men,Personal Care,Perfumes,Perfume and Body Mist,Grey,Spring,2017.0,Casual,Boss Men Selection 50 ml Perfume
49087,Women,Personal Care,Eyes,Kajal and Eyeliner,Blue,Spring,2017.0,Casual,Deborah 24 Ore Eye Pencil 253
57614,Women,Personal Care,Skin Care,Sunscreen,Orange,Spring,2017.0,Casual,Lotus Herbals Extreme Sun Block Sunscreen
57790,Women,Personal Care,Makeup,Compact,Skin,Spring,2017.0,Casual,Lotus Herbals Pure Radiance Matte Pearl Compact 545
55398,Women,Personal Care,Eyes,Mascara,Black,Spring,2017.0,Casual,Revlon Lash Fantasy Blackest Black Mascara And Primer
55585,Women,Personal Care,Makeup,Highlighter and Blush,Peach,Spring,2017.0,Casual,Revlon Photo Ready Peach Sculpting Blush Palette 02
55867,Women,Personal Care,Nails,Nail Polish,Pink,Spring,2017.0,Casual,Colorbar Oh My Magenta 2 Nail Lacquer 85V
28240,Men,Personal Care,Fragrance,Deodorant,Blue,Spring,2017.0,Casual,Park Avenue Men Good Morning Deo
55924,Women,Personal Care,Nails,Nail Polish,Pink,Spring,2017.0,Casual,Colorbar Windsor Rose Nail Lacquer 51
55273,Women,Personal Care,Makeup,Concealer,Skin,Spring,2017.0,Casual,Lakme Absolute White Intense Medium to Dark Concealer
20074,Men,Personal Care,Fragrance,Deodorant,Grey,Spring,2017.0,Casual,David Beckham Men Homme Deo
44149,Men,Personal Care,Fragrance,Deodorant,Blue,Spring,2017.0,Casual,Nike Fragrances Men Pure Deo
56392,Women,Personal Care,Fragrance,Perfume and Body Mist,Lavender,Spring,2017.0,Casual,Estee Lauder Women Pleasures 50 ml Perfume
44168,Men,Personal Care,Fragrance,Fragrance Gift Set,Green,Spring,2017.0,Casual,Nike Fragrances Men Green Storm Perfume and Deo Set
49134,Women,Personal Care,Lips,Lip Liner,Red,Spring,2017.0,Casual,Deborah Extra Lip Liner 07
57642,Women,Personal Care,Nails,Nail Polish,Peach,Spring,2017.0,Casual,Lotus Herbals Peach Perfect Nail Polish 99
56072,Women,Personal Care,Lips,Lip Liner,Brown,Spring,2017.0,Casual,Colorbar Wild Berry Lip Liner /Crayon 011
30966,Men,Personal Care,Fragrance,Perfume and Body Mist,Blue,Spring,2017.0,Casual,Azzaro Men Chrome Eau de Toilette 200 ml
55449,Women,Personal Care,Lips,Lipstick,Maroon,Spring,2017.0,Casual,Revlon Plum Sexxxy Honey Kiss Lipstick 08
55217,Women,Personal Care,Lips,Lipstick,Red,Spring,2017.0,Casual,Lakme Nine to Five Sun Shimmer Lipstick
44153,Men,Personal Care,Fragrance,Fragrance Gift Set,Blue,Spring,2017.0,Casual,Nike Fragrances Men Pure Fragrance Gift Set
55488,Women,Personal Care,Lips,Lip Gloss,Bronze,Spring,2017.0,Casual,Revlon Bronze Shimmer Colorburst Lip Gloss 30
32531,Men,Personal Care,Fragrance,Deodorant,Black,Spring,2017.0,Casual,Tonino Lamborghini Men Pack of 3 Deos
55964,Women,Personal Care,Lips,Lipstick,Red,Spring,2017.0,Casual,Colorbar Take Me As I Am Sensuous Red  Lipcolor with Sharpner 001 3.94 g
54063,Men,Personal Care,Fragrance,Deodorant,Red,Spring,2017.0,Casual,Fogg Men Napoleon Deo
44377,Men,Personal Care,Fragrance,Deodorant,Grey,Spring,2017.0,Casual,Jovan Men White Musk Deo
58965,Women,Personal Care,Fragrance,Perfume and Body Mist,Blue,Spring,2017.0,Casual,Colour Me Women Sky Blue Perfume
55191,Women,Personal Care,Nails,Nail Polish,Blue,Spring,2017.0,Casual,Lakme Absolute Fast & Fabulous Aqua Express Nail Polish 06
49124,Women,Personal Care,Lips,Lipstick,Pink,Spring,2017.0,Casual,Deborah Pink Light Creator Shine Volume 9 Lipstick
55954,Women,Personal Care,Nails,Nail Polish,Maroon,Spring,2017.0,Casual,Colorbar Valentino Nail Lacquer 02
57872,Women,Personal Care,Skin,Face Moisturisers,Beige,Spring,2017.0,Casual,Biotique Women Bio Dandelion Ageless Lightening Serum
55196,Women,Personal Care,Nails,Nail Polish,Gold,Spring,2017.0,Casual,Lakme Absolute Fast & Fabulous Gold Shimmer Nail Polish 01
56084,Women,Personal Care,Lips,Lip Gloss,Pink,Spring,2017.0,Casual,Colorbar Star Shine Bare True Lip Gloss 11
23598,Men,Personal Care,Fragrance,Deodorant,Black,Spring,2017.0,Casual,Nike Fragrances Men Blue Wave Deo
55540,Women,Personal Care,Makeup,Eyeshadow,Copper,Spring,2017.0,Casual,Revlon Illuminance Copper Coast Creme Shadow 01
27311,Women,Personal Care,Fragrance,Deodorant,Yellow,Spring,2017.0,Casual,ADIDAS Women Free Emotion Deo
55390,Women,Personal Care,Nails,Nail Polish,Rose,Spring,2017.0,Casual,Revlon Really Rosy Nail Polish 308
55450,Women,Personal Care,Lips,Lipstick,Pink,Spring,2017.0,Casual,Revlon Plum Sexxxy Flirty Fuchsia Lipstick 54
46782,Women,Personal Care,Fragrance,Perfume and Body Mist,Pink,Spring,2017.0,Casual,Love Passport Women 50 ml Perfume
55847,Women,Personal Care,Nails,Nail Polish,Pink,Spring,2017.0,Casual,Colorbar Pro Bubbly Pink Nail Lacquer 048
57619,Women,Personal Care,Skin Care,Sunscreen,Orange,Spring,2017.0,Casual,Lotus Herbals Safe Sun Sunscreen SPF 40
55257,Women,Personal Care,Makeup,Kajal and Eyeliner,Grey,Spring,2017.0,Casual,Lakme Absolute Forever Silk Grey Matter Eyeliner
44038,Women,Personal Care,Fragrance,Perfume and Body Mist,Pink,Spring,2017.0,Casual,Boss Women Femme Perfume
55075,Women,Personal Care,Eyes,Kajal and Eyeliner,Copper,Spring,2017.0,Casual,Lakme Glide On Warm Copper Eye Color
57677,Women,Personal Care,Skin,Face Moisturisers,White,Spring,2017.0,Casual,Lotus Herbals Whiteglow Skin Whitening & Brightening Creme
26733,Men,Personal Care,Fragrance,Deodorant,Gold,Spring,2017.0,Casual,Reebok Men Chennai Super Kings Deo
55841,Women,Personal Care,Nails,Nail Polish,Pink,Spring,2017.0,Casual,Colorbar Pro Pink Late Nail Lacquer 056
59853,Women,Personal Care,Skin,Face Moisturisers,White,Spring,2017.0,Casual,Olay Women Natural White Rich All in One Fairness Night Cream
56119,Women,Personal Care,Lips,Lip Gloss,Brown,Spring,2017.0,Casual,Colorbar Toffee Tango Lip Pot 005
58954,Men,Personal Care,Fragrance,Deodorant,Yellow,Spring,2017.0,Casual,Denim Men Illusion Deo
55551,Women,Personal Care,Makeup,Kajal and Eyeliner,Black,Spring,2017.0,Casual,Revlon Colorstay Sparkling Black Eye Liner
56429,Women,Personal Care,Eyes,Eyeshadow,Brown,Spring,2017.0,Casual,Streetwear Bombshell Eye Shadow
56427,Women,Personal Care,Eyes,Eyeshadow,Bronze,Spring,2017.0,Casual,Streetwear Groovy Baby Eye Shadow
44152,Men,Personal Care,Fragrance,Deodorant,Grey,Spring,2017.0,Casual,Nike Fragrances Men Up or Down Deo
55840,Women,Personal Care,Nails,Nail Polish,Rust,Spring,2017.0,Casual,Colorbar Pro Rusk Beauty Nail Lacquer 057
56041,Women,Personal Care,Lips,Lipstick,Brown,Spring,2017.0,Casual,Colorbar Coco Liscious Lipstick 10
26209,Women,Personal Care,Fragrance,Perfume and Body Mist,Green,Spring,2017.0,Casual,Perry Ellis Women Reserve Perfume
44949,Men,Personal Care,Fragrance,Deodorant,Black,Spring,2017.0,Casual,Kama Sutra Men Travel Mate Pack of 3 Deos
55123,Women,Personal Care,Nails,Nail Polish,Pink,Spring,2017.0,Casual,Lakme Truewear Color Crush Nail Polish 17
57664,Women,Personal Care,Nails,Nail Polish,Brown,Spring,2017.0,Casual,Lotus Herbals Colour Dew Mahogany Nail Polish 943
55545,Women,Personal Care,Makeup,Kajal and Eyeliner,Blue,Spring,2017.0,Casual,Revlon Colorstay One-Stroke Defining Blooming Blue Eye Pencil
32549,Men,Personal Care,Fragrance,Deodorant,Black,Spring,2017.0,Casual,Playboy Men Set of 2 Deodorant Body Sprays
55249,Women,Personal Care,Makeup,Foundation and Primer,Skin,Spring,2017.0,Casual,Lakme Face Magic Natural Marble Daily Wear Souffle
44138,Men,Personal Care,Fragrance,Perfume and Body Mist,Blue,Spring,2017.0,Casual,Dunhill Men Desire Blue Perfume
56023,Women,Personal Care,Lips,Lipstick,Brown,Spring,2017.0,Casual,ColorBar Soft Touch Bingo Lipstick 029
55973,Women,Personal Care,Lips,Lipstick,Brown,Spring,2017.0,Casual,ColorBar Velvet Matte High Tea 1 Lipstick 77V
56432,Women,Personal Care,Bath and Body,Nail Essentials,Pink,Spring,2017.0,Casual,Streetwear Nail Color Remover
49115,Women,Personal Care,Lips,Lipstick,Pink,Spring,2017.0,Casual,Deborah Atomic Red 19 Lipstick
46659,Women,Personal Care,Fragrance,Deodorant,Green,Spring,2017.0,Casual,Rasasi Women Life Deo
26734,Women,Personal Care,Fragrance,Deodorant,Silver,Spring,2017.0,Casual,Reebok Women Pack of 3 Deos
46948,Women,Personal Care,Fragrance,Perfume and Body Mist,Red,Spring,2017.0,Casual,York Women Love Series Perfume
43102,Men,Personal Care,Fragrance,Deodorant,Blue,Spring,2017.0,Casual,Reebok Men Reejuvenate Deo
54064,Men,Personal Care,Fragrance,Deodorant,Black,Spring,2017.0,Casual,Fogg Men Marco Deo
28221,Men,Personal Care,Fragrance,Deodorant,Black,Spring,2017.0,Casual,YARDLEY Men Elegance Deo
56082,Women,Personal Care,Lips,Lip Gloss,Red,Spring,2017.0,Casual,Colorbar Star Shine Sensation Lip Gloss 14
55266,Women,Personal Care,Makeup,Kajal and Eyeliner,Brown,Spring,2017.0,Casual,Lakme Absolute Shine Line Brown Shimmer Eye Liner
44148,Men,Personal Care,Fragrance,Deodorant,Green,Spring,2017.0,Casual,Nike Fragrances Men Casual Deo
55261,Women,Personal Care,Makeup,Kajal and Eyeliner,Olive,Spring,2017.0,Casual,Lakme Absolute Forever Silk Gypsy Green Eye Liner
23551,Men,Personal Care,Fragrance,Perfume and Body Mist,Black,Spring,2017.0,Casual,Nautilus Men Black Marlin Perfume
55504,Women,Personal Care,Lips,Lip Gloss,Peach,Spring,2017.0,Casual,Revlon Super Lustrous Pink Crystals Lip Gloss 59
46917,Men,Personal Care,Fragrance,Perfume and Body Mist,Green,Spring,2017.0,Casual,York Men Aqua Green Perfume
56166,Women,Personal Care,Makeup,Kajal and Eyeliner,Lavender,Spring,2017.0,Casual,Colorbar I-Define Silver Slate Eye Pencil 001
46627,Women,Personal Care,Fragrance,Deodorant,Orange,Spring,2017.0,Casual,Rasasi Women Chastity Deo and Perfume Set
18463,Men,Personal Care,Fragrance,Perfume and Body Mist,White,Spring,2017.0,Casual,David Beckham Instinct Men Perfumes
26205,Men,Personal Care,Fragrance,Perfume and Body Mist,Blue,Spring,2017.0,Casual,Nautica Voyage Men Perfume
56513,Women,Personal Care,Lips,Lipstick,Brown,Spring,2017.0,Casual,Streetwear Luscious Lips Caramel Crush Lipstick 16
57756,Women,Personal Care,Skin Care,Face Wash and Cleanser,Green,Spring,2017.0,Casual,Lotus Herbals Neem & Clove Purifying Face Wash
44004,Men,Personal Care,Fragrance,Perfume and Body Mist,Blue,Spring,2017.0,Casual,Police Men To Be Perfume
28214,Women,Personal Care,Fragrance,Deodorant,Lavender,Spring,2017.0,Casual,YARDLEY Women English Lavender Deo
46926,Men,Personal Care,Fragrance,Perfume and Body Mist,Black,Spring,2017.0,Casual,York Men Prestige Perfume
23605,Women,Personal Care,Fragrance,Perfume and Body Mist,Green,Spring,2017.0,Casual,Nike Fragrances Women Casual Perfume
55982,Women,Personal Care,Lips,Lipstick,Brown,Spring,2017.0,Casual,Colorbar Velvet Matte Very Coffee Lipstick 51 BR
56352,Men,Personal Care,Fragrance,Perfume and Body Mist,Blue,Spring,2017.0,Casual,Nike Fragrances Men No Limits Perfume 150 ml
56100,Women,Personal Care,Lips,Lip Gloss,Purple,Spring,2017.0,Casual,Colorbar Star Winter Plum Lip Gloss 04
18443,Men,Personal Care,Fragrance,Fragrance Gift Set,White,Spring,2017.0,Casual,Ed Hardy Love & Luck  Men Fragrance Gift Set
59858,Women,Personal Care,Skin,Face Moisturisers,White,Spring,2017.0,Casual,Olay Women Natural White Healthy Fairness Day Lotion SPF 24
55382,Women,Personal Care,Nails,Nail Polish,Silver,Spring,2017.0,Casual,Revlon Silver Shower Nail Polish 317
32540,Men,Personal Care,Fragrance,Perfume and Body Mist,Black,Spring,2017.0,Casual,Playboy Men Miami Perfume
46940,Women,Personal Care,Fragrance,Perfume and Body Mist,Yellow,Spring,2017.0,Casual,York Women Miss No 1 Perfume
56354,Men,Personal Care,Fragrance,Perfume and Body Mist,Black,Spring,2017.0,Casual,Nike Fragrances Men Cool Paranoia Perfume 150 ml
55119,Women,Personal Care,Beauty Accessories,Beauty Accessory,Burgundy,Spring,2017.0,Casual,Lakme Dual Sharpener
32543,Women,Personal Care,Fragrance,Deodorant,Black,Spring,2017.0,Casual,Playboy Women Play It Spicy Deo
55132,Women,Personal Care,Nails,Nail Polish,White,Spring,2017.0,Casual,Lakme Truewear Color Crush 08 Nail Polish
45673,Women,Personal Care,Fragrance,Perfume and Body Mist,Blue,Spring,2017.0,Casual,J. Del Pozo Women Halloween Perfume
36714,Men,Personal Care,Fragrance,Perfume and Body Mist,Blue,Spring,2017.0,Casual,Bulgari Men Aqua Pour Homme Perfume
57586,Women,Personal Care,Lips,Lipstick,Brown,Spring,2017.0,Casual,Lotus Herbals Sand Storm Lipstick 181
57869,Women,Personal Care,Skin,Face Moisturisers,White,Spring,2017.0,Casual,Biotique Bio Saffron Dew Face & Body Cream
49097,Women,Personal Care,Makeup,Compact,Skin,Spring,2017.0,Casual,Deborah Ultrafine Compact Powder 08
46684,Men,Personal Care,Fragrance,Perfume and Body Mist,Brown,Spring,2017.0,Casual,Rasasi Men Fighting Temptation Perfume
55162,Women,Personal Care,Nails,Nail Polish,Maroon,Spring,2017.0,Casual,Lakme True Wear Berry Maroon Nail Polish 104
46680,Women,Personal Care,Fragrance,Perfume and Body Mist,Green,Spring,2017.0,Casual,Rasasi Women Pack of 3 Perfumes
55952,Women,Personal Care,Nails,Nail Polish,Red,Spring,2017.0,Casual,Colorbar Love Nail Lacquer 04
58985,Women,Personal Care,Fragrance,Deodorant,Blue,Spring,2017.0,Casual,Cavallini Women Deo
44140,Men,Personal Care,Fragrance,Perfume and Body Mist,Copper,Spring,2017.0,Casual,Dunhill Men Perfume
46785,Men,Personal Care,Fragrance,Perfume and Body Mist,Blue,Spring,2017.0,Casual,Rising Wave Men Perfume
55409,Women,Personal Care,Lips,Lipstick,Brown,Spring,2017.0,Casual,Revlon ColorStay Overtime Everlasting Rum Lipcolor 370
42830,Unisex,Sporting Goods,Wristbands,Wristbands,Black,Summer,2012.0,Sports,Nike Unisex Swoosh Black Wristbands
4013,Unisex,Sporting Goods,Sports Equipment,Basketballs,Brown,Summer,2011.0,Casual,Spalding  177z NBA School Brown Basketball
13670,Unisex,Sporting Goods,Sports Equipment,Footballs,Gold,Fall,2011.0,Casual,Puma Unisex Liga XL Football
1628,Unisex,Sporting Goods,Sports Equipment,Basketballs,Brown,Summer,2011.0,Sports,Kipsta Xtra Bounce Basketball
4008,Unisex,Sporting Goods,Sports Equipment,Basketballs,Yellow,Summer,2011.0,Sports,Spalding Unisex Ochre Yellow Basketball
42829,Unisex,Sporting Goods,Wristbands,Wristbands,White,Summer,2012.0,Sports,Nike Unisex Swoosh White Wristbands
4007,Unisex,Sporting Goods,Sports Equipment,Basketballs,Orange,Summer,2011.0,Sports,Spalding Unisex Nash Orange Basketball
2355,Unisex,Sporting Goods,Sports Equipment,Footballs,White,Fall,2010.0,Sports,ADIDAS Red Bull Trophy Soccer Unisex Football
8934,Unisex,Sporting Goods,Wristbands,Wristbands,Black,Fall,2011.0,Casual,Puma Unisex Fundamentals Black Wristbands
1552,Unisex,Sporting Goods,Sports Equipment,Footballs,White,Fall,2010.0,Sports,Puma Power Cat Trainer-WR Football
2354,Unisex,Sporting Goods,Sports Equipment,Basketballs,Black,Winter,2010.0,Sports,ADIDAS Black Bounce Unisex Basketball
2356,Unisex,Sporting Goods,Sports Equipment,Basketballs,Black,Winter,2010.0,Sports,ADIDAS Black & White Unisex Basketball
8427,Unisex,Sporting Goods,Sports Equipment,Basketballs,Blue,Fall,2011.0,Sports,Spalding Unisex Blue Basketball
4010,Unisex,Sporting Goods,Sports Equipment,Basketballs,Brown,Summer,2011.0,Sports,Spalding 150 SZ Brown Basketball
1553,Unisex,Sporting Goods,Sports Equipment,Footballs,White,Fall,2010.0,Sports,Puma Power Cat Hard Ground Football
4012,Unisex,Sporting Goods,Sports Equipment,Basketballs,Black,Summer,2011.0,Sports,Spalding 508z Black Basketball
1550,Unisex,Sporting Goods,Sports Equipment,Footballs,White,Fall,2010.0,Sports,Puma Cat Trainer-WBL Football
1627,Unisex,Sporting Goods,Sports Equipment,Footballs,White,Fall,2010.0,Sports,Kipsta F300 Football
1551,Unisex,Sporting Goods,Sports Equipment,Footballs,Orange,Fall,2010.0,Sports,Puma Power Cat Trainer-OB Football
1626,Unisex,Sporting Goods,Sports Equipment,Footballs,Blue,Summer,2011.0,Sports,Kipsta F300 Football Size 5 Football
4011,Unisex,Sporting Goods,Sports Equipment,Basketballs,Grey,Summer,2011.0,Sports,Spalding Buror Grey Basketball
42828,Unisex,Sporting Goods,Wristbands,Wristbands,Red,Summer,2012.0,Sports,Nike Unisex Swoosh Red Wristbands
4009,Unisex,Sporting Goods,Sports Equipment,Basketballs,Blue,Summer,2011.0,Casual,Spalding Blue Basketball
8426,Unisex,Sporting Goods,Sports Equipment,Basketballs,Red,Fall,2011.0,Sports,Spalding Unisex NBA Team Raptors SZ7 Red Basketball
8422,Unisex,Sporting Goods,Sports Equipment,Basketballs,Red,Fall,2011.0,Sports,Spalding Unisex NBA Highlight Red Basketballs
