id,gender,masterCategory,subCategory,articleType,baseColour,season,year,usage,productDisplayName,image_file
9358,Women,Accessories,Socks,Socks,Red,Fall,2011.0,Casual,Puma Women Sport Pack of 3 White Socks,9358.jpg
10249,Women,Accessories,Bags,Handbags,Brown,Winter,2015.0,Casual,Murcia Women Hahk Brown Handbags,10249.jpg
49010,Women,Accessories,Jewellery,Ring,Silver,Summer,2012.0,Casual,Lucera Women Silver Ring,49010.jpg
34968,Women,Accessories,Stoles,Stoles,Blue,Summer,2012.0,Ethnic,Fabindia Women Printed Blue Chanderi Stole,34968.jpg
26433,Women,Accessories,Bags,Handbags,Black,Winter,2015.0,Casual,Spice Art Women Leatherette Black Handbag,26433.jpg
5266,Unisex,Accessories,Bags,Backpacks,Grey,Winter,2015.0,Casual,Wildcraft Unisex Schoolbag Grey Backpack,5266.jpg
25083,Men,Accessories,Accessories,Accessory Gift Set,Red,Winter,2015.0,Formal,Lino Perros Men Formal Red Accessory Gift Set,25083.jpg
29894,Women,Accessories,Eyewear,Sunglasses,Grey,Winter,2016.0,Casual,Mayhem Women Sunglasses 1012-104,29894.jpg
17115,Women,Accessories,Bags,Clutches,Blue,Winter,2015.0,Casual,Lino Perros Women Classic Blue Clutch,17115.jpg
51718,Unisex,Accessories,Eyewear,Sunglasses,Brown,Winter,2016.0,Casual,Allen Solly Unisex Sunglasses,51718.jpg
32310,Men,Accessories,Watches,Watches,Black,Winter,2016.0,Casual,Q&Q Men Black Dial Watch,32310.jpg
21327,Men,Accessories,Eyewear,Sunglasses,Brown,Winter,2016.0,Casual,Louis Philippe Men Sunglasses LP202-C1,21327.jpg
19765,Unisex,Accessories,Watches,Watches,Black,Winter,2016.0,Casual,Ice Unisex Stone Black Watch,19765.jpg
9487,Unisex,Accessories,Bags,Backpacks,Grey,Fall,2011.0,Casual,Puma Unisex Big Cat Grey Backpacks,9487.jpg
22939,Women,Accessories,Watches,Watches,Grey,Winter,2016.0,Casual,Fastrack Women Grey Casual Watch,22939.jpg
29126,Women,Accessories,Eyewear,Sunglasses,Purple,Winter,2016.0,Casual,Vogue Women Purple Sunglasses,29126.jpg
59504,Women,Accessories,Jewellery,Necklace and Chains,Silver,Summer,2013.0,Casual,Lucera Silver Necklace,59504.jpg
48232,Women,Accessories,Eyewear,Sunglasses,Black,Winter,2016.0,Casual,United Colors of Benetton Women Black Sunglasses,48232.jpg
31926,Women,Accessories,Bags,Clutches,Blue,Summer,2012.0,Casual,Fabindia Women Blue Silk Purse,31926.jpg
46559,Men,Accessories,Watches,Watches,Black,Winter,2016.0,Casual,Timex Men Black Dial Watch,46559.jpg
35080,Men,Accessories,Ties,Ties,Navy Blue,Summer,2012.0,Formal,Allen Solly Men Navy Blue Tie,35080.jpg
28415,Men,Accessories,Eyewear,Sunglasses,Black,Winter,2016.0,Casual,Idee Men Black Sunglasses,28415.jpg
42875,Women,Accessories,Bags,Clutches,Black,Summer,2012.0,Casual,French Connection Women Black Purse,42875.jpg
49571,Men,Accessories,Belts,Belts,Brown,Summer,2012.0,Casual,Reid & Taylor Men Brown Belt,49571.jpg
32164,Women,Accessories,Socks,Socks,Navy Blue,Summer,2017.0,Casual,Playboy Women Playmate Navy Blue Ankle Socks,32164.jpg
58030,Women,Accessories,Jewellery,Earrings,Gold,Fall,2012.0,Casual,Rreverie Golden & Black Earrings,58030.jpg
31707,Women,Accessories,Jewellery,Earrings,Gold,Winter,2016.0,Ethnic,Fabindia Women Ananya Gold Earrings,31707.jpg
37673,Unisex,Accessories,Bags,Backpacks,Black,Spring,2013.0,Casual,American Tourister Unisex Black Backpack,37673.jpg
30668,Men,Accessories,Eyewear,Sunglasses,Black,Winter,2016.0,Casual,Park Avenue Men Black Sunglasses,30668.jpg
25152,Women,Accessories,Bags,Handbags,Black,Winter,2015.0,Casual,Lino Perros Women Leatherette Black Handbag,25152.jpg
33885,Men,Accessories,Watches,Watches,Steel,Winter,2016.0,Casual,Citizen Men Steel Eco-Drive Watch,33885.jpg
42624,Women,Accessories,Jewellery,Earrings,Gold,Winter,2016.0,Casual,Estelle Women Earrings,42624.jpg
36895,Women,Accessories,Watches,Watches,Green,Winter,2016.0,Casual,Fossil Women Green Dial Chronograph Watch ES3051,36895.jpg
20965,Women,Accessories,Bags,Handbags,Red,Fall,2011.0,Casual,Fastrack Women Red Gym Satchel,20965.jpg
16098,Women,Accessories,Eyewear,Sunglasses,Black,Winter,2016.0,Casual,M tv Women My Fab Eyewear Black Sunglasses,16098.jpg
19777,Men,Accessories,Mufflers,Mufflers,Red,Fall,2011.0,Casual,United Colors of Benetton Men Casual Red Muffler,19777.jpg
41242,Men,Accessories,Belts,Belts,Black,Summer,2012.0,Casual,Arrow Men Black and Brown Reversible Belt,41242.jpg
50209,Women,Accessories,Eyewear,Sunglasses,Brown,Winter,2016.0,Casual,Stoln Women Brown Sunglasses,50209.jpg
34553,Women,Accessories,Bags,Duffel Bag,Green,Summer,2012.0,Casual,Puma Women Campus Grip Green Duffle Bag,34553.jpg
48744,Men,Accessories,Jewellery,Bangle,Steel,Summer,2015.0,Casual,Revv Men Steel Bangle,48744.jpg
29073,Men,Accessories,Bags,Backpacks,Blue,Winter,2016.0,Casual,Fastrack Men Blue Backpack,29073.jpg
32473,Unisex,Accessories,Socks,Socks,Black,Summer,2012.0,Casual,ADIDAS Unisex Black Socks,32473.jpg
54340,Men,Accessories,Socks,Socks,White,Summer,2016.0,Casual,Levis Men Pack of 3 Socks,54340.jpg
45874,Men,Accessories,Watches,Watches,Silver,Winter,2016.0,Casual,Maxima Men Silver Dial Watch,45874.jpg
49855,Unisex,Accessories,Watches,Watches,Black,Winter,2016.0,Casual,Q&Q Kids Unisex Black Digital Watch,49855.jpg
25945,Women,Accessories,Scarves,Scarves,Blue,Summer,2012.0,Casual,Femella Women Printed Blue Scarf,25945.jpg
21687,Men,Accessories,Watches,Watches,Steel,Winter,2016.0,Casual,Fossil Men Steel-Toned Dial Chronograph Watch CH2790,21687.jpg
52812,Men,Accessories,Wallets,Wallets,Black,Summer,2012.0,Casual,JAG Men Black Leather Wallet,52812.jpg
24834,Unisex,Accessories,Accessories,Travel Accessory,Black,Winter,2015.0,Casual,Wildcraft Unisex Black Travel Pouch,24834.jpg
59572,Men,Accessories,Cufflinks,Cufflinks,Steel,Summer,2012.0,Casual,Revv Men Steel Cufflinks,59572.jpg
7077,Unisex,Accessories,Bags,Backpacks,Grey,Winter,2015.0,Casual,Wildcraft Unisex Grey & Red Backpack,7077.jpg
48793,Women,Accessories,Jewellery,Pendant,Silver,Summer,2013.0,Casual,Lucera Women Silver Pendant,48793.jpg
53604,Men,Accessories,Watches,Watches,Black,Winter,2016.0,Casual,Q&Q Men Digital Watch M065-003,53604.jpg
18784,Men,Accessories,Ties,Ties,Lavender,Summer,2011.0,Formal,Peter England Men Elite Lavender Tie,18784.jpg
46463,Men,Accessories,Watches,Watches,Black,Winter,2016.0,Casual,Timex Men Black Dial Watch,46463.jpg
35244,Men,Accessories,Socks,Socks,Red,Summer,2012.0,Casual,Manchester United Men Red Socks,35244.jpg
11003,Men,Accessories,Watches,Watches,Red,Winter,2016.0,Casual,Puma Men Fluctuation Red Dial Watch,11003.jpg
35019,Women,Accessories,Stoles,Stoles,Grey,Summer,2012.0,Ethnic,Fabindia Women Chanderi Grey Stole,35019.jpg
36510,Women,Accessories,Wallets,Wallets,Black,Summer,2012.0,Casual,United Colors of Benetton Women Black Wallet,36510.jpg
7659,Men,Accessories,Socks,Socks,Black,Summer,2016.0,Casual,Wrangler Men's Black Ankle Length Socks,7659.jpg
7678,Women,Accessories,Socks,Socks,Pink,Summer,2016.0,Casual,Wrangler Women Pink Secret Socks,7678.jpg
23731,Men,Accessories,Eyewear,Sunglasses,Black,Winter,2016.0,Casual,Ray-Ban Men High Street Sunglasses,23731.jpg
11218,Men,Accessories,Watches,Watches,Steel,Winter,2016.0,Casual,Esprit Men Gran Orbus Black Steel Watches,11218.jpg
54823,Women,Accessories,Bags,Laptop Bag,Brown,Summer,2012.0,Casual,Ivory Tag Brown Plaid Jetsetter Laptop Bag,54823.jpg
25225,Women,Accessories,Bags,Handbags,Blue,Winter,2015.0,Casual,Lino Perros Women Blue Handbag,25225.jpg
25431,Men,Accessories,Socks,Socks,White,Summer,2016.0,Casual,Lee Men Tripack Socks,25431.jpg
40519,Men,Accessories,Watches,Watches,Grey,Winter,2016.0,Casual,Titan Men Grey Dial Watch,40519.jpg
54877,Women,Accessories,Jewellery,Necklace and Chains,Multi,Summer,2013.0,Casual,Ivory Tag Women Golden Tangerine Multicoloured Necklace,54877.jpg
58445,Women,Accessories,Watches,Watches,White,Winter,2016.0,Casual,Fossil Women White Dial Watch,58445.jpg
33405,Women,Accessories,Wallets,Wallets,Teal,Summer,2012.0,Casual,Baggit Women Border Cocoa Teal Wallet,33405.jpg
43835,Women,Accessories,Jewellery,Earrings,Maroon,Summer,2012.0,Casual,Royal Diadem Maroon Earrings,43835.jpg
58899,Men,Accessories,Ties,Ties,Grey,Summer,2012.0,Casual,Hakashi Men Grey Silk Tie,58899.jpg
35917,Women,Accessories,Bags,Handbags,Red,Summer,2012.0,Casual,Peperone Women Red Handbag,35917.jpg
29889,Women,Accessories,Eyewear,Sunglasses,Brown,Winter,2016.0,Casual,Mayhem Women Sunglasses 1015-103,29889.jpg
51909,Women,Accessories,Bags,Laptop Bag,Pink,Summer,2016.0,Casual,Nyk Women Pink Floss Laptop Bag,51909.jpg
46485,Men,Accessories,Watches,Watches,Navy Blue,Winter,2016.0,Casual,Timex Men Blue Dial Chronograph Watch,46485.jpg
43273,Women,Accessories,Bags,Handbags,Black,Summer,2012.0,Casual,Murcia Women Black Handbag,43273.jpg
58035,Women,Accessories,Jewellery,Earrings,Silver,Winter,2012.0,Casual,Rreverie Women Silver Earrings,58035.jpg
15917,Unisex,Accessories,Bags,Backpacks,Brown,Fall,2011.0,Casual,ADIDAS Unisex Ep Bp Adv Casu Brown Backpack,15917.jpg
10737,Women,Accessories,Bags,Handbags,Black,Winter,2015.0,Casual,Murcia Women Hmzaab Black Handbags,10737.jpg
23460,Men,Accessories,Scarves,Scarves,Brown,Winter,2015.0,Casual,Lino Perros Men Brown Check Scarf,23460.jpg
46478,Women,Accessories,Watches,Watches,White,Winter,2016.0,Casual,Timex Women White Watch,46478.jpg
49532,Women,Accessories,Bags,Clutches,Gold,Summer,2012.0,Casual,Rocia Women Gold Clutch,49532.jpg
17444,Men,Accessories,Watches,Watches,Silver,Winter,2016.0,Casual,Casio Enticer Men Silver-Toned Dial Chronograph Watch BS062,17444.jpg
17359,Men,Accessories,Accessories,Accessory Gift Set,Purple,Fall,2011.0,Formal,Arrow Men Formal Purple Tie+Cufflink+Pocket square - Combo Pack,17359.jpg
20566,Women,Accessories,Bags,Handbags,Purple,Winter,2015.0,Casual,Baggit Women Penguin Baby Purple Handbag,20566.jpg
20459,Women,Accessories,Bags,Handbags,Purple,Winter,2016.0,Casual,Baggit Women Libra Jhuti Purple Handbag,20459.jpg
25640,Men,Accessories,Watches,Watches,White,Winter,2016.0,Casual,Fastrack Men White Casual Watch,25640.jpg
3382,Women,Accessories,Bags,Handbags,Brown,Winter,2015.0,Casual,Murcia Brown Solid Shoulder Bag,3382.jpg
54345,Men,Accessories,Socks,Socks,White,Summer,2016.0,Casual,Levis Men Pack of 3 Socks,54345.jpg
58867,Men,Accessories,Cufflinks,Cufflinks,Steel,Summer,2012.0,Casual,Hakashi Men Steel Cufflinks,58867.jpg
29423,Men,Accessories,Watches,Watches,Copper,Winter,2016.0,Casual,Giordano Men Copper & Black Dial Watch,29423.jpg
57917,Men,Accessories,Socks,Socks,White,Summer,2016.0,Casual,Fruit of the Loom Men White Pack of Three Socks,57917.jpg
58589,Women,Accessories,Jewellery,Necklace and Chains,Orange,Winter,2016.0,Casual,ToniQ Women Orange Necklace,58589.jpg
31703,Women,Accessories,Jewellery,Earrings,Silver,Winter,2016.0,Ethnic,Fabindia Women Ananya Silver Earrings,31703.jpg
33415,Women,Accessories,Bags,Handbags,Purple,Fall,2012.0,Casual,Baggit Women Quick Jhuti Purple Handbag,33415.jpg
16942,Women,Accessories,Eyewear,Sunglasses,Purple,Winter,2016.0,Casual,Image Women Classic Eyewear Purple  Sunglasses,16942.jpg
1598,Women,Accessories,Bags,Handbags,Blue,Summer,2011.0,Travel,Geonaute Women Blue Outdoor Bag,1598.jpg
48989,Women,Accessories,Jewellery,Ring,Silver,Summer,2012.0,Casual,Lucera Women Silver Ring,48989.jpg
36788,Men,Accessories,Watches,Watches,White,Winter,2016.0,Casual,Maxima Men White Dial Attivo Watch,36788.jpg
25216,Women,Accessories,Bags,Handbags,Pink,Winter,2015.0,Casual,Lino Perros Women Pink Handbag,25216.jpg
35307,Women,Accessories,Jewellery,Earrings,Gold,Winter,2016.0,Ethnic,Fabindia Women Ananya Gold Earrings,35307.jpg
23510,Men,Accessories,Watches,Watches,Black,Winter,2016.0,Casual,ADIDAS Men Black Dial Watch,23510.jpg
11151,Men,Accessories,Ties,Ties,Grey,Fall,2011.0,Formal,Indigo Nation Men Check Grey Ties,11151.jpg
58189,Women,Accessories,Bags,Handbags,Grey,Summer,2012.0,Casual,Rocky S Women Grey Handbag,58189.jpg
53895,Women,Accessories,Bags,Handbags,Pink,Summer,2012.0,Casual,Kiara Women Pink Handbag,53895.jpg
45925,Men,Accessories,Watches,Watches,White,Winter,2016.0,Casual,Maxima Men White Dial Watch,45925.jpg
32009,Men,Accessories,Socks,Socks,Black,Summer,2016.0,Casual,Playboy Men Purple & Black Socks,32009.jpg
52575,Women,Accessories,Bags,Clutches,Black,Summer,2012.0,Casual,Mod'acc Women Black Clutch,52575.jpg
45908,Men,Accessories,Watches,Watches,White,Winter,2016.0,Casual,Maxima Ssteele Men White Dial Watch,45908.jpg
18821,Men,Accessories,Wallets,Wallets,Tan,Summer,2011.0,Formal,Peter England Men Statements Tan Wallet,18821.jpg
31078,Women,Accessories,Stoles,Stoles,Pink,Summer,2012.0,Ethnic,Fabindia Women Buta Cream Silk Stole,31078.jpg
59773,Women,Accessories,Jewellery,Jewellery Set,Gold,Winter,2015.0,Casual,Estelle Women Gold Jewellery Set,59773.jpg
7057,Unisex,Accessories,Bags,Backpacks,Navy Blue,Summer,2011.0,Sports,Nike Unisex Barcelona Navy Backpack,7057.jpg
7104,Unisex,Accessories,Bags,Backpacks,Grey,Winter,2015.0,Casual,Wildcraft Unisex Grey Backpack,7104.jpg
37071,Women,Accessories,Bags,Handbags,Brown,Summer,2012.0,Casual,Lino Perros Women Brown Handbag,37071.jpg
17096,Women,Accessories,Wallets,Wallets,Green,Winter,2015.0,Casual,Lino Perros Women Blue Zip Green Wallet,17096.jpg
43202,Men,Accessories,Watches,Watches,Grey,Winter,2016.0,Casual,Fastrack Men Grey Dial Watch,43202.jpg
12414,Men,Accessories,Wallets,Wallets,Black,Fall,2011.0,Casual,Reid & Taylor Men Casual Black Wallets,12414.jpg
15945,Men,Accessories,Wallets,Wallets,Brown,Fall,2011.0,Casual,Turtle Men Leather Brown Wallets,15945.jpg
7088,Unisex,Accessories,Bags,Backpacks,Blue,Winter,2015.0,Casual,Wildcraft Unisex Blue & Black Backpack,7088.jpg
38185,Women,Accessories,Eyewear,Sunglasses,Gold,Winter,2016.0,Casual,Miami Blues Women Sunglasses,38185.jpg
49268,Men,Accessories,Socks,Socks,Brown,Summer,2016.0,Casual,Arrow Men Pack of 5 Plating Design Socks,49268.jpg
30280,Men,Accessories,Eyewear,Sunglasses,White,Summer,2017.0,Casual,Speedo Men Sheet Sunglasses,30280.jpg
44265,Men,Accessories,Wallets,Wallets,Black,Summer,2012.0,Casual,Hidekraft Men Black Wallet,44265.jpg
10323,Women,Accessories,Bags,Handbags,Black,Winter,2015.0,Casual,Murcia Women Lambretta Green Black Handbags,10323.jpg
45115,Men,Accessories,Watches,Watches,Silver,Winter,2016.0,Casual,Casio Enticer Men Silver Analogue Watch MTP-1239D-7ADF(A205),45115.jpg
41038,Men,Accessories,Watches,Watches,Brown,Winter,2016.0,Casual,Nautica Men Brown Dial Watch,41038.jpg
48022,Women,Accessories,Watches,Watches,White,Winter,2016.0,Casual,Helix Women White Dial Watch,48022.jpg
54870,Women,Accessories,Jewellery,Necklace and Chains,Gold,Summer,2013.0,Casual,Ivory Tag Women Colour Beam Multicolour Necklace,54870.jpg
49011,Women,Accessories,Jewellery,Ring,Silver,Summer,2013.0,Casual,Lucera Women Silver Ring,49011.jpg
8649,Unisex,Accessories,Eyewear,Sunglasses,Brown,Winter,2016.0,Casual,Fastrack Unisex Bikers Sunglasses P040BR2,8649.jpg
33925,Women,Accessories,Watches,Watches,Black,Winter,2016.0,Casual,Citizen Women Black Dial Watch,33925.jpg
12441,Men,Accessories,Wallets,Wallets,Black,Fall,2011.0,Casual,Timberland Men Casual Black Wallet,12441.jpg
16108,Men,Accessories,Eyewear,Sunglasses,Brown,Winter,2016.0,Casual,M tv Men My Fab Eyewear Brown Sunglasses,16108.jpg
37874,Men,Accessories,Wallets,Wallets,Brown,Summer,2012.0,Casual,Hidekraft Men Brown Wallet,37874.jpg
28200,Men,Accessories,Eyewear,Sunglasses,Copper,Winter,2016.0,Casual,Ray-Ban Men Active Lifestyle Copper Sunglasses,28200.jpg
58472,Men,Accessories,Wallets,Wallets,Brown,Winter,2016.0,Casual,Fossil Men Brown Wallet,58472.jpg
38017,Women,Accessories,Watches,Watches,Blue,Winter,2016.0,Casual,Q&Q Women Blue Watch,38017.jpg
29113,Women,Accessories,Socks,Socks,White,Summer,2012.0,Casual,Puma Women Pack of 3 Socks,29113.jpg
25172,Women,Accessories,Bags,Handbags,Brown,Winter,2015.0,Casual,Lino Perros Women Leatherite Brown Handbag,25172.jpg
54623,Men,Accessories,Watches,Watches,Black,Winter,2016.0,Casual,Fastrack Men Black Dial Watch,54623.jpg
35031,Women,Accessories,Stoles,Stoles,Blue,Summer,2012.0,Casual,Fabindia Women Blue Stole,35031.jpg
23284,Men,Accessories,Watches,Watches,Black,Winter,2016.0,Casual,Maxima Ssteele Men Black Watch,23284.jpg
58162,Women,Accessories,Wallets,Wallets,White,Fall,2012.0,Casual,Rocky S Women White Wallet,58162.jpg
41521,Men,Accessories,Socks,Socks,Navy Blue,Summer,2016.0,Casual,Basics Men Set of 3 Socks,41521.jpg
42067,Men,Accessories,Wallets,Wallets,Black,Summer,2012.0,Casual,American Tourister Men Black Slim Fold Wallet,42067.jpg
29223,Men,Accessories,Socks,Socks,White,Fall,2014.0,Sports,Fila Men Pack Of 3 Socks,29223.jpg
39021,Men,Accessories,Watches,Watches,Navy Blue,Winter,2016.0,Casual,CASIO ENTICER Men Navy Dial Analogue Watch A629,39021.jpg
36906,Men,Accessories,Watches,Watches,Grey,Winter,2016.0,Casual,Fossil Men Grey Dial Watch ME1114,36906.jpg
16013,Men,Accessories,Scarves,Scarves,Navy Blue,Fall,2011.0,Casual,Turtle Check Men Navy Blue Scarf,16013.jpg
37687,Unisex,Accessories,Bags,Backpacks,Brown,Summer,2012.0,Casual,American Tourister Unisex Brown Backpack,37687.jpg
27749,Men,Accessories,Wallets,Wallets,Black,Winter,2015.0,Casual,Bulchee Men Black Wallet,27749.jpg
38756,Women,Accessories,Bags,Handbags,Fluorescent Green,Summer,2012.0,Casual,Nike Fluorescent Green Tote Bag,38756.jpg
29724,Women,Accessories,Bags,Handbags,Peach,Summer,2012.0,Casual,Kiara Women Leatherette Peach Handbag,29724.jpg
8126,Men,Accessories,Belts,Belts,Brown,Winter,2016.0,Casual,Fastrack Men Non Leather Brown Belts,8126.jpg
53907,Women,Accessories,Bags,Handbags,Maroon,Summer,2012.0,Casual,Kiara Women Maroon Handbag,53907.jpg
21782,Men,Accessories,Belts,Belts,Brown,Fall,2011.0,Casual,Fossil Men Edsel Brown Belt,21782.jpg
40546,Women,Accessories,Watches,Watches,Black,Winter,2016.0,Casual,Titan Raga Women Black Dial Watch,40546.jpg
48135,Women,Accessories,Wallets,Wallets,Teal,Winter,2016.0,Casual,Fossil Women Teal Green Wallet,48135.jpg
21556,Women,Accessories,Bags,Handbags,Pink,Winter,2015.0,Casual,Kiara Women Classic Pink Handbag,21556.jpg
35336,Women,Accessories,Jewellery,Pendant,Silver,Winter,2016.0,Ethnic,Fabindia Women Ananya Silver Pendant,35336.jpg
25318,Men,Accessories,Watches,Watches,White,Summer,2017.0,Casual,Casio Edifice Men Multi-Dial Watch EF-326D-7AVDF(ED337),25318.jpg
43822,Women,Accessories,Jewellery,Earrings,White,Summer,2012.0,Ethnic,Royal Diadem White Earrings,43822.jpg
28211,Men,Accessories,Eyewear,Sunglasses,Brown,Winter,2016.0,Casual,Ray-Ban Men Caribbean Brown Sunglasses,28211.jpg
5853,Women,Accessories,Bags,Handbags,Blue,Summer,2011.0,Casual,ADIDAS Women Blue Handbag,5853.jpg
53105,Women,Accessories,Jewellery,Earrings,Silver,Winter,2016.0,Casual,Fabindia Silver Earrings,53105.jpg
1925,Unisex,Accessories,Bags,Backpacks,Black,Fall,2010.0,Sports,Quechua Black Bag,1925.jpg
57236,Women,Accessories,Bags,Handbags,Burgundy,Summer,2012.0,Casual,Murcia Women Burgundy Handbag,57236.jpg
33372,Women,Accessories,Bags,Mobile Pouch,Purple,Summer,2012.0,Casual,Baggit Women Purple Mobile Pouch,33372.jpg
45155,Men,Accessories,Watches,Watches,Black,Winter,2016.0,Casual,CASIO ENTICER Men Black Dial Analogue Watch A499,45155.jpg
10387,Men,Accessories,Watches,Watches,Black,Winter,2016.0,Casual,Puma Men Indication  178 Black Watches,10387.jpg
18794,Unisex,Accessories,Bags,Handbags,Beige,Fall,2010.0,Casual,Peter England Unisex Casual Beige Bag,18794.jpg
7086,Women,Accessories,Bags,Wallets,Blue,Winter,2015.0,Casual,Wildcraft Women Blue Printed Wallet,7086.jpg
7121,Unisex,Accessories,Bags,Backpacks,Black,Winter,2015.0,Casual,Wildcraft Unisex Black & Grey Solstice Backpack,7121.jpg
58639,Men,Accessories,Socks,Socks,Black,Summer,2013.0,Casual,Fila Men Black Ankle Socks,58639.jpg
22675,Unisex,Accessories,Bags,Backpacks,Blue,Winter,2015.0,Travel,Wildcraft Unisex Blue Backpack,22675.jpg
48163,Women,Accessories,Wallets,Wallets,Blue,Winter,2016.0,Casual,Fossil Women Blue Wallet,48163.jpg
46132,Women,Accessories,Jewellery,Necklace and Chains,Blue,Summer,2012.0,Casual,Adrika Blue Necklace,46132.jpg
45296,Women,Accessories,Watches,Watches,White,Winter,2016.0,Casual,Casio Sheen Women White Analogue Watches (SX044) SHE-3801GL-7ADR,45296.jpg
47148,Women,Accessories,Bags,Handbags,Black,Summer,2015.0,Casual,Be For Bag Women Combo pack Tote Bags,47148.jpg
25245,Women,Accessories,Bags,Handbags,Orange,Summer,2012.0,Casual,Lino Perros Women Leatherette Orange Handbag,25245.jpg
51174,Men,Accessories,Socks,Socks,Brown,Summer,2016.0,Casual,Raymond Men Brown Socks,51174.jpg
42910,Women,Accessories,Belts,Belts,Tan,Summer,2012.0,Casual,French Connection Women Tan Belt,42910.jpg
25740,Men,Accessories,Wallets,Wallets,Black,Fall,2011.0,Casual,Wrangler Men Casual Black Wallet,25740.jpg
17098,Women,Accessories,Wallets,Wallets,Black,Winter,2015.0,Casual,Lino Perros Women Flower Black Wallet,17098.jpg
45231,Men,Accessories,Watches,Watches,Black,Winter,2016.0,Casual,Casio Youth Series Men Analog-Digital Watch AQ-190WD-1AVDFAD160,45231.jpg
51652,Men,Accessories,Watches,Watches,Black,Winter,2016.0,Casual,Fossil Men Black Dial Chronograph Watch FS4552,51652.jpg
40511,Men,Accessories,Watches,Watches,White,Winter,2016.0,Casual,Titan Men White Dial Watch,40511.jpg
45254,Men,Accessories,Watches,Watches,Black,Winter,2016.0,Casual,Casio EDIFICE ED142 EF-503L-1AVDF,45254.jpg
16105,Women,Accessories,Eyewear,Sunglasses,Purple,Winter,2016.0,Casual,M tv Women My Fab Eyewear Purple Sunglasses,16105.jpg
49534,Women,Accessories,Bags,Clutches,Black,Summer,2010.0,Casual,Rocia Women Black Clutch,49534.jpg
51956,Women,Accessories,Bags,Handbags,Olive,Summer,2012.0,Casual,Yelloe Women Olive Sling Bag,51956.jpg
50827,Men,Accessories,Wallets,Wallets,Black,Summer,2012.0,Casual,New Hide Men Black Wallet,50827.jpg
29994,Women,Accessories,Watches,Watches,Black,Winter,2016.0,Casual,Aspen Women Black Dial Watch,29994.jpg
52570,Women,Accessories,Bags,Clutches,Grey,Summer,2012.0,Casual,Mod'acc Women Grey Clutch,52570.jpg
14886,Women,Accessories,Bags,Handbags,Black,Summer,2011.0,Casual,United Colors of Benetton Women Solid Black Handbags,14886.jpg
37503,Men,Accessories,Watches,Watches,Black,Winter,2016.0,Casual,Esprit Men Black Watch,37503.jpg
42918,Women,Accessories,Wallets,Wallets,Black,Summer,2012.0,Casual,French Connection Women Black Wallet,42918.jpg
25732,Men,Accessories,Belts,Belts,Brown,Summer,2012.0,Casual,Wrangler Men Brown Leather Belt,25732.jpg
19220,Men,Accessories,Ties,Ties,Grey,Summer,2011.0,Formal,United Colors of Benetton Men Check Grey Tie,19220.jpg
54381,Women,Accessories,Wallets,Wallets,Black,Summer,2012.0,Casual,Baggit Women Black Wallet,54381.jpg
38317,Men,Accessories,Wallets,Wallets,Black,Summer,2012.0,Casual,Puma Men Black Big Cat Wallet,38317.jpg
26438,Women,Accessories,Bags,Handbags,Blue,Winter,2015.0,Casual,Spice Art Women Beaded Bow Blue Handbag,26438.jpg
53085,Women,Accessories,Jewellery,Necklace and Chains,Blue,Winter,2016.0,Casual,Fabindia Blue Necklace,53085.jpg
48731,Men,Accessories,Jewellery,Bangle,Steel,Summer,2012.0,Casual,Revv Men Steel Bangle,48731.jpg
13721,Men,Accessories,Headwear,Caps,Blue,Fall,2011.0,Casual,Proline Men Blue Patterned Beanie,13721.jpg
37003,Women,Accessories,Bags,Handbags,Blue,Summer,2012.0,Casual,Lino Perros Women Blue Sling Bag,37003.jpg
25113,Women,Accessories,Bags,Clutches,Silver,Winter,2015.0,Casual,Lino Perros Women Gems Silver Clutch,25113.jpg
34128,Men,Accessories,Belts,Belts,Black,Summer,2012.0,Formal,Turtle Men Reversible Leather Black Belt,34128.jpg
44282,Unisex,Accessories,Bags,Backpacks,Grey,Summer,2012.0,Casual,Skybags Unisex Grey Backpack,44282.jpg
58276,Women,Accessories,Bags,Handbags,Purple,Summer,2012.0,Casual,Baggit Women Purple Handbag,58276.jpg
37064,Women,Accessories,Belts,Belts,Purple,Summer,2012.0,Casual,Lino Perros Women Purple Belt,37064.jpg
51672,Men,Accessories,Eyewear,Sunglasses,Silver,Winter,2016.0,Casual,Louis Philippe Men Maroon Sunglasses,51672.jpg
31719,Women,Accessories,Jewellery,Earrings,Silver,Winter,2016.0,Ethnic,Fabindia Women Anusuya Silver Earrings,31719.jpg
49684,Men,Accessories,Ties,Ties,Blue,Summer,2012.0,Formal,Park Avenue Men Blue Tie,49684.jpg
40002,Men,Accessories,Eyewear,Sunglasses,Steel,Winter,2016.0,Casual,Park Avenue Men Sunglasses,40002.jpg
2664,Women,Accessories,Bags,Handbags,Brown,Winter,2015.0,Casual,Murcia   Bag,2664.jpg
59552,Women,Accessories,Jewellery,Bracelet,Silver,Summer,2015.0,Casual,Lucera Silver Bracelet,59552.jpg
1566,Men,Accessories,Headwear,Caps,Black,Summer,2011.0,Sports,Artengo Men Black Cap,1566.jpg
43861,Women,Accessories,Jewellery,Earrings,Maroon,Summer,2012.0,Casual,Royal Diadem Maroon Earrings,43861.jpg
25181,Women,Accessories,Bags,Handbags,Brown,Winter,2015.0,Casual,Lino Perros Women Leatherite Brown Handbag,25181.jpg
58610,Women,Accessories,Jewellery,Earrings,Silver,Winter,2016.0,Casual,ToniQ Women Silver Earrings,58610.jpg
7071,Unisex,Accessories,Bags,Backpacks,Green,Winter,2015.0,Casual,Wildcraft Unisex Green Printed Backpack,7071.jpg
15293,Unisex,Accessories,Bags,Handbags,Blue,Fall,2011.0,Casual,ADIDAS Originals Unisex ST Airline Blue Bags,15293.jpg
5074,Women,Accessories,Watches,Watches,Pink,Winter,2016.0,Casual,Being Human Women Pink Silicon Strap with Stones Watch,5074.jpg
53981,Women,Accessories,Bags,Handbags,Yellow,Summer,2012.0,Casual,Kiara Women Burnt Yellow Sling Bag,53981.jpg
21704,Men,Accessories,Watches,Watches,Black,Winter,2016.0,Casual,Fossil Men Black Dial Watch FS4576,21704.jpg
35118,Women,Accessories,Jewellery,Necklace and Chains,Silver,Fall,2012.0,Casual,Allen Solly Woman Silver Necklace,35118.jpg
58178,Women,Accessories,Bags,Handbags,Grey,Summer,2012.0,Casual,Rocky S Women Grey Handbag,58178.jpg
36392,Men,Accessories,Socks,Socks,Grey,Summer,2016.0,Casual,Reid & Taylor Men Grey Socks,36392.jpg
8681,Unisex,Accessories,Eyewear,Sunglasses,Blue,Winter,2016.0,Casual,Fastrack Unisex Sunglasses,8681.jpg
58099,Women,Accessories,Jewellery,Pendant,Blue,Fall,2012.0,Casual,Rreverie Women Blue Pendant,58099.jpg
51343,Men,Accessories,Socks,Socks,Blue,Summer,2016.0,Casual,Raymond Men Blue Socks,51343.jpg
29103,Unisex,Accessories,Bags,Backpacks,Navy Blue,Summer,2012.0,Casual,Puma Unisex Big Cat Navy Blue Backpack,29103.jpg
30001,Women,Accessories,Watches,Watches,White,Winter,2016.0,Casual,Aspen Women White Dial Watch,30001.jpg
31817,Men,Accessories,Watches,Watches,Black,Winter,2016.0,Casual,Titan Men Chronograph Black Dial Watch,31817.jpg
25429,Men,Accessories,Belts,Belts,Green,Summer,2012.0,Casual,Lee Men Canvas Green Belt,25429.jpg
27778,Men,Accessories,Wallets,Wallets,Brown,Winter,2015.0,Casual,Bulchee Men Brown Wallet,27778.jpg
48138,Women,Accessories,Wallets,Wallets,Purple,Summer,2012.0,Casual,Fossil Women Purple Wallet,48138.jpg
30560,Men,Accessories,Eyewear,Sunglasses,Gold,Winter,2016.0,Casual,Opium Men Aviator Gold Sunglasses,30560.jpg
17374,Men,Accessories,Accessories,Accessory Gift Set,Purple,Fall,2011.0,Formal,Arrow Men Formal Purple Tie+Cufflink+Pocket square - Combo Pack,17374.jpg
48613,Women,Accessories,Jewellery,Earrings,Silver,Summer,2013.0,Casual,Lucera Women Silver Earrings,48613.jpg
53577,Women,Accessories,Watches,Watches,White,Winter,2016.0,Casual,Q&Q Women White Dial Watch,53577.jpg
18829,Men,Accessories,Belts,Belts,Tan,Summer,2011.0,Formal,Peter England Men Formal Tan Belt,18829.jpg
33375,Women,Accessories,Wallets,Wallets,Brown,Summer,2012.0,Casual,Baggit Women Leather Brown Wallet,33375.jpg
58300,Men,Accessories,Socks,Socks,Black,Summer,2016.0,Sports,Jockey LCESCBRA Men Pack of 3 Socks 2004,58300.jpg
44594,Men,Accessories,Belts,Belts,Black,Summer,2012.0,Formal,Van Heusen Men Black and Brown Reversible Belt,44594.jpg
58449,Men,Accessories,Watches,Watches,Black,Winter,2016.0,Casual,Fossil Men Black Dial Chronograph Watch FS4658,58449.jpg
20925,Women,Accessories,Bags,Handbags,Black,Winter,2016.0,Casual,Fastrack Women Leatherette Black Sling Bag,20925.jpg
43776,Women,Accessories,Jewellery,Earrings,White,Summer,2012.0,Ethnic,Royal Diadem White & Green Earrings,43776.jpg
52836,Women,Accessories,Jewellery,Earrings,Red,Fall,2012.0,Casual,Adrika Women Red & Gold Earrings,52836.jpg
20558,Women,Accessories,Bags,Mobile Pouch,Red,Winter,2015.0,Casual,Baggit Women Sawari Rose Red Mobile Pouch,20558.jpg
52851,Women,Accessories,Jewellery,Earrings,Black,Summer,2012.0,Casual,Adrika Black Earrings,52851.jpg
32293,Men,Accessories,Watches,Watches,Black,Winter,2016.0,Casual,Q&Q Men Black Dial Watch,32293.jpg
33611,Women,Accessories,Wallets,Wallets,Brown,Summer,2012.0,Casual,Lino Perros Women Brown Wallet,33611.jpg
48801,Women,Accessories,Jewellery,Pendant,Silver,Summer,2015.0,Casual,Lucera Women Silver Pendant,48801.jpg
32335,Men,Accessories,Watches,Watches,Silver,Winter,2016.0,Casual,Q&Q Men Silver-Toned Dial Analogue Watch Q252J404Y,32335.jpg
17458,Men,Accessories,Watches,Watches,Black,Winter,2016.0,Casual,CASIO G-Shock Men Black Analogue-Digital Watch GA-100-1A4DR G272,17458.jpg
29212,Women,Accessories,Socks,Socks,White,Fall,2014.0,Sports,Fila Women White Socks,29212.jpg
43792,Women,Accessories,Jewellery,Earrings,Gold,Summer,2012.0,Ethnic,Royal Diadem Gold & Pink Earrings,43792.jpg
3720,Men,Accessories,Belts,Belts,Blue,Summer,2011.0,Casual,Lee Men Blue Canvas Belt,3720.jpg
34873,Women,Accessories,Bags,Handbags,Multi,Summer,2012.0,Casual,Envirosax Women Multi Coloured Bag,34873.jpg
32611,Men,Accessories,Belts,Belts,Brown,Spring,2013.0,Casual,Levitate Men Brown Leather Belt,32611.jpg
47407,Women,Accessories,Wallets,Wallets,Purple,Summer,2012.0,Casual,Baggit Women Purple Wallet,47407.jpg
58096,Women,Accessories,Jewellery,Pendant,Blue,Fall,2012.0,Casual,Rreverie Women Blue Pendant,58096.jpg
58111,Women,Accessories,Jewellery,Earrings,Silver,Fall,2012.0,Casual,Rreverie Silver Earrings,58111.jpg
34464,Unisex,Accessories,Accessories,Travel Accessory,Red,Summer,2012.0,Casual,ADIDAS Unisex Red Organizer Bag,34464.jpg
48603,Women,Accessories,Jewellery,Earrings,Silver,Summer,2013.0,Casual,Lucera Women Silver Earrings,48603.jpg
49530,Women,Accessories,Bags,Clutches,Red,Summer,2012.0,Casual,Rocia Women Red Purse,49530.jpg
43207,Women,Accessories,Watches,Watches,Grey,Winter,2016.0,Casual,Fastrack Women Grey Dial Watch,43207.jpg
36048,Unisex,Accessories,Bags,Backpacks,Mustard,Summer,2012.0,Casual,OTLS Unisex Mustard Brown Backpack,36048.jpg
25888,Unisex,Accessories,Bags,Backpacks,Blue,Winter,2015.0,Casual,American Tourister Unisex Casual Blue Bag,25888.jpg
47360,Women,Accessories,Bags,Handbags,Green,Summer,2012.0,Casual,Baggit Women Green Bag,47360.jpg
24444,Men,Accessories,Socks,Socks,Grey,Fall,2011.0,Casual,ADIDAS Originals Men Grey Socks,24444.jpg
38231,Women,Accessories,Eyewear,Sunglasses,Black,Winter,2016.0,Casual,Polaroid Women Sunglasses,38231.jpg
46507,Men,Accessories,Watches,Watches,Black,Winter,2016.0,Casual,Timex Empera Men Black Dial Watch NL13,46507.jpg
33922,Women,Accessories,Watches,Watches,Blue,Winter,2016.0,Casual,Citizen Women Blue Dial Watch,33922.jpg
49533,Women,Accessories,Bags,Clutches,Gold,Summer,2012.0,Casual,Rocia Women Gold Clutch,49533.jpg
43198,Women,Accessories,Watches,Watches,Black,Winter,2016.0,Casual,Fastrack Women Black Dial Watch,43198.jpg
53109,Women,Accessories,Jewellery,Earrings,Silver,Winter,2016.0,Casual,Fabindia Silver Earrings,53109.jpg
29010,Men,Accessories,Bags,Duffel Bag,Black,Summer,2012.0,Casual,Cabarelli Men Black Duffle Bag,29010.jpg
37232,Men,Accessories,Wallets,Wallets,Brown,Summer,2012.0,Casual,United Colors of Benetton Men Leather Brown Wallet,37232.jpg
38313,Men,Accessories,Eyewear,Sunglasses,Metallic,Winter,2016.0,Casual,Idee Men Metallic Frame Sunglasses,38313.jpg
36883,Men,Accessories,Belts,Belts,Brown,Summer,2012.0,Casual,Fossil Men Brown Ashton Belt,36883.jpg
54812,Women,Accessories,Bags,Handbags,Grey,Summer,2010.0,Casual,Ivory Tag Grey Fur Handbag,54812.jpg
45000,Men,Accessories,Watches,Watches,Grey,Winter,2016.0,Casual,Maxima Men Black Digital Watch,45000.jpg
36651,Women,Accessories,Wallets,Wallets,Red,Summer,2012.0,Casual,Paridhan Women Red Coin Pouch Wallet,36651.jpg
25668,Men,Accessories,Watches,Watches,Silver,Winter,2016.0,Casual,Fastrack Men Silver Casual Watch,25668.jpg
46162,Women,Accessories,Jewellery,Necklace and Chains,Brown,Winter,2015.0,Casual,Adrika Women Brown Necklace,46162.jpg
48188,Women,Accessories,Bags,Handbags,Multi,Winter,2016.0,Casual,Fossil Women Multi Coloured Jules Tote Handbag,48188.jpg
16847,Men,Accessories,Eyewear,Sunglasses,Brown,Winter,2016.0,Casual,Idee Men Funky Eyewear Brown Sunglasses,16847.jpg
12736,Unisex,Accessories,Socks,Socks,Grey,Fall,2011.0,Sports,Nike Kids Sport Hi Quarter Pack of 3 Socks,12736.jpg
17089,Women,Accessories,Wallets,Wallets,Blue,Winter,2015.0,Casual,Lino Perros Women Blue Zip Blue Wallet,17089.jpg
46469,Men,Accessories,Watches,Watches,Blue,Winter,2016.0,Casual,Timex Men Blue Dial Chronograph Watch,46469.jpg
35104,Men,Accessories,Wallets,Wallets,Black,Summer,2012.0,Casual,Allen Solly Men Black Card Holder,35104.jpg
45028,Men,Accessories,Watches,Watches,White,Winter,2016.0,Casual,Maxima Men White Dial Watch 24132LMGT,45028.jpg
8704,Women,Accessories,Eyewear,Sunglasses,Red,Winter,2016.0,Casual,Fastrack Women Hip Hop Sunglasses,8704.jpg
51699,Unisex,Accessories,Eyewear,Sunglasses,Silver,Winter,2016.0,Casual,Van Heusen Unisex Blue Aviator Sunglasses VH217-C2,51699.jpg
11124,Men,Accessories,Bags,Laptop Bag,Black,Fall,2011.0,Casual,United Colors of Benetton Men Laptop Carry Black Bags,11124.jpg
27467,Women,Apparel,Innerwear,Briefs,Skin,Winter,2015.0,Casual,Jockey Women Skin Bikini Brief,27467.jpg
11785,Women,Apparel,Topwear,Tshirts,Black,Summer,2011.0,Casual,Lee Women Solid Black Tshirts,11785.jpg
45780,Women,Apparel,Topwear,Tunics,Black,Summer,2012.0,Casual,Remanika Women Black Tunic,45780.jpg
9162,Men,Apparel,Bottomwear,Jeans,Blue,Fall,2011.0,Casual,Locomotive Men Callum Blue Jeans,9162.jpg
55599,Men,Apparel,Topwear,Shirts,Blue,Summer,2012.0,Casual,Peter England Men Blue Shirt,55599.jpg
14010,Men,Apparel,Topwear,Tshirts,Green,Fall,2011.0,Casual,Nike Men Printed Green Tshirts,14010.jpg
13250,Men,Apparel,Bottomwear,Trousers,Beige,Fall,2011.0,Casual,Palm Tree Kids Boy Solid Beige Trousers,13250.jpg
27506,Women,Apparel,Innerwear,Bra,Red,Winter,2015.0,Casual,Jockey Women Red T-shirt Bra SS 14,27506.jpg
11166,Men,Apparel,Topwear,Shirts,Purple,Fall,2011.0,Formal,John Miller Men Solid Purple Shirt,11166.jpg
54589,Women,Apparel,Topwear,Kurtas,Green,Summer,2012.0,Ethnic,Sushilas Women Printed Green Kurta,54589.jpg
7917,Men,Apparel,Topwear,Tshirts,Red,Fall,2011.0,Casual,Proline Men Red & White Striped Polo T-shirt,7917.jpg
6686,Men,Apparel,Topwear,Tshirts,Red,Summer,2011.0,Casual,UCB Men's Big Ben Logo Red T-shirt,6686.jpg
5824,Men,Apparel,Topwear,Tshirts,Green,Summer,2011.0,Casual,ADIDAS Men's Dude Green T-shirt,5824.jpg
43064,Men,Apparel,Topwear,Tshirts,Black,Summer,2012.0,Casual,Nike Men Black Dutch T-shirt,43064.jpg
1863,Men,Apparel,Topwear,Tshirts,Black,Summer,2011.0,Casual,Inkfruit Men Night Wolf T-shirt,1863.jpg
6036,Women,Apparel,Topwear,Tshirts,Black,Summer,2011.0,Casual,UCB Womens Photographic Print Black T-shirt,6036.jpg
27269,Women,Apparel,Topwear,Kurtas,Green,Fall,2011.0,Ethnic,Mother Earth Women Printed Green Kurta,27269.jpg
9553,Men,Apparel,Topwear,Tshirts,Black,Summer,2011.0,Casual,Nike Men As Ad Badge Black T-Shirts,9553.jpg
16468,Men,Apparel,Topwear,Shirts,Blue,Fall,2011.0,Casual,Locomotive Men Check Blue Shirt,16468.jpg
30647,Men,Apparel,Topwear,Tshirts,Black,Summer,2012.0,Casual,Nike Men U Logo Black T-shirt,30647.jpg
34222,Men,Apparel,Topwear,Tshirts,White,Summer,2013.0,Casual,Proline White Polo T-shirt,34222.jpg
57815,Women,Apparel,Topwear,Tops,Brown,Fall,2012.0,Casual,United Colors of Benetton Women Dark Brown Top,57815.jpg
51319,Unisex,Apparel,Topwear,Rain Jacket,Black,Summer,2012.0,Casual,Wildcraft Unisex Black Poncho Rain Jacket,51319.jpg
59730,Women,Apparel,Innerwear,Shapewear,White,Summer,2014.0,Casual,Avirate White Wired Corset Shapewear,59730.jpg
6601,Women,Apparel,Topwear,Tshirts,Pink,Summer,2011.0,Casual,Spykar Women's Peep Pink T-shirt,6601.jpg
28802,Men,Apparel,Bottomwear,Jeans,Blue,Summer,2012.0,Casual,Denizen Men Blue Jeans,28802.jpg
27410,Women,Apparel,Loungewear and Nightwear,Lounge Pants,Multi,Summer,2018.0,Casual,Jockey Women Assorted Lounge Pants,27410.jpg
57109,Women,Apparel,Topwear,Tunics,Blue,Summer,2012.0,Casual,Elle Women Blue Tunic,57109.jpg
51450,Women,Apparel,Dress,Dresses,Brown,Summer,2012.0,Casual,Tonga Women Brown Dress,51450.jpg
5417,Girls,Apparel,Topwear,Tshirts,Blue,Summer,2011.0,Casual,Ant Kids Girls Blue T-shirt,5417.jpg
40055,Men,Apparel,Topwear,Tshirts,Blue,Summer,2012.0,Sports,ADIDAS Men Blue Basketball Jersey,40055.jpg
10056,Men,Apparel,Bottomwear,Tracksuits,Black,Fall,2011.0,Sports,ADIDAS Men Cfc Pes Black Tracksuits,10056.jpg
18616,Men,Apparel,Topwear,Tshirts,Red,Fall,2011.0,Sports,Puma Men Team Essential  lollipop-Red Tshirts,18616.jpg
21117,Men,Apparel,Topwear,Shirts,White,Fall,2011.0,Casual,s.Oliver Men Solid White Shirt,21117.jpg
19632,Men,Apparel,Topwear,Tshirts,Grey,Summer,2011.0,Casual,United Colors of Benetton Men Solid Grey Tshirt,19632.jpg
8189,Men,Apparel,Topwear,Shirts,Blue,Summer,2011.0,Casual,Locomotive Men Solid Poplin Laird Blue Shirts,8189.jpg
21227,Men,Apparel,Topwear,Tshirts,Orange,Summer,2012.0,Casual,Basics Men Orange Printed Polo T-shirt,21227.jpg
39125,Women,Apparel,Bottomwear,Leggings,Purple,Fall,2012.0,Casual,Aneri Women Purple Leggings,39125.jpg
13255,Men,Apparel,Bottomwear,Shorts,White,Fall,2011.0,Casual,Palm Tree Kids Boys Check White Shorts,13255.jpg
19108,Men,Apparel,Topwear,Tshirts,Beige,Summer,2016.0,Casual,Campbell Men Pack of 3 Solid Tshirts,19108.jpg
9995,Women,Apparel,Bottomwear,Skirts,Pink,Summer,2011.0,Casual,Gini And Jony Girls Su Scotia Sko Pink Skirts,9995.jpg
20318,Men,Apparel,Topwear,Shirts,Maroon,Summer,2011.0,Casual,Mother Earth Men Solid Maroon Shirt,20318.jpg
39533,Women,Apparel,Innerwear,Bra,Black,Summer,2016.0,Casual,Bwitch Black Bra,39533.jpg
5152,Women,Apparel,Topwear,Tshirts,Pink,Summer,2011.0,Casual,Wrangler Women Braided Shoulder Mauve T-shirt,5152.jpg
15032,Women,Apparel,Topwear,Sweaters,Blue,Fall,2011.0,Casual,ADIDAS Women Stripes Blue Sweaters,15032.jpg
30921,Women,Apparel,Bottomwear,Trousers,Blue,Summer,2012.0,Ethnic,Fabindia Women Blue Harem Pants,30921.jpg
4866,Men,Apparel,Topwear,Tshirts,Black,Summer,2011.0,Sports,ADIDAS Men Black Chelsea Away Jersey,4866.jpg
8825,Men,Apparel,Topwear,Shirts,White,Fall,2011.0,Casual,Spykar Men Ranger Blue-White Stripes Shirts,8825.jpg
14296,Men,Apparel,Topwear,Tshirts,Green,Fall,2011.0,Casual,Classic Polo Men Printed pack of 3 Tshirts,14296.jpg
22585,Men,Apparel,Bottomwear,Track Pants,Grey,Fall,2011.0,Casual,Nike Men Grey Track Pants,22585.jpg
15804,Men,Apparel,Innerwear,Briefs,Grey,Summer,2016.0,Casual,Facit Men Fusion Brie Grey Briefs,15804.jpg
30337,Men,Apparel,Topwear,Tshirts,Red,Summer,2012.0,Casual,Myntra Men You Have Rite to Remain Silent Red T-shirt,30337.jpg
45653,Men,Apparel,Innerwear,Briefs,Grey,Summer,2016.0,Casual,Park Avenue Men Grey & Black Brief,45653.jpg
25406,Men,Apparel,Topwear,Tshirts,White,Summer,2012.0,Sports,Nike Men White T-shirt,25406.jpg
41777,Women,Apparel,Topwear,Tops,Pink,Summer,2012.0,Casual,Remanika Women Pink Top,41777.jpg
42263,Men,Apparel,Bottomwear,Jeans,Blue,Summer,2012.0,Casual,John Players Men Blue Jeans,42263.jpg
44313,Men,Apparel,Bottomwear,Trousers,Beige,Summer,2012.0,Casual,Indian Terrain Men Beige Trousers,44313.jpg
51187,Women,Apparel,Innerwear,Bra,Pink,Fall,2012.0,Casual,Enamor Pink Bra,51187.jpg
19091,Women,Apparel,Topwear,Kurtis,Navy Blue,Fall,2011.0,Ethnic,W Women Gathered Design Navy Blue Kurti,19091.jpg
31064,Women,Apparel,Topwear,Dupatta,Off White,Summer,2012.0,Ethnic,Fabindia Women Printed Off White Dupatta,31064.jpg
12066,Women,Apparel,Topwear,Kurtas,Black,Fall,2011.0,Ethnic,W Women Printed Black Kurtas,12066.jpg
31549,Men,Apparel,Topwear,Tshirts,White,Summer,2012.0,Casual,Classic Polo Men Striped White T-shirt,31549.jpg
23040,Men,Apparel,Bottomwear,Trousers,Charcoal,Summer,2011.0,Formal,Arrow Men Charcoal Solid Trousers,23040.jpg
16325,Men,Apparel,Topwear,Tshirts,Purple,Fall,2011.0,Casual,Peter England Men Printed Purple TShirt,16325.jpg
24951,Women,Apparel,Topwear,Tshirts,Yellow,Summer,2012.0,Casual,United Colors of Benetton Women Yellow T-shirt,24951.jpg
12033,Men,Apparel,Topwear,Shirts,Blue,Fall,2011.0,Formal,Mark Taylor Men Blue Striped Shirt,12033.jpg
16376,Men,Apparel,Bottomwear,Trousers,Black,Fall,2011.0,Formal,Peter England Men Stripes Black Trouser,16376.jpg
59834,Men,Apparel,Topwear,Shirts,Navy Blue,Summer,2012.0,Casual,United Colors of Benetton Men Navy Blue Shirt,59834.jpg
32969,Men,Apparel,Topwear,Tshirts,Blue,Summer,2012.0,Casual,Angry Birds Men Printed Blue T-shirt,32969.jpg
12374,Men,Apparel,Topwear,Shirts,White,Fall,2011.0,Formal,Reid & Taylor Men Stripes White Shirts,12374.jpg
40661,Women,Apparel,Topwear,Kurtas,Multi,Summer,2012.0,Ethnic,Span Women Multi Coloured Kurta,40661.jpg
57072,Women,Apparel,Bottomwear,Jeans,Blue,Summer,2012.0,Casual,Elle Women Blue Jeans,57072.jpg
11796,Women,Apparel,Topwear,Kurtas,Green,Fall,2011.0,Ethnic,Vishudh Women Pigment Print Green Kurtas,11796.jpg
9662,Men,Apparel,Topwear,Shirts,Blue,Fall,2011.0,Casual,Indigo Nation Men Reversible Bling Blue Shirts,9662.jpg
57173,Women,Apparel,Topwear,Tops,Red,Summer,2012.0,Casual,Elle Women Red Top,57173.jpg
27991,Men,Apparel,Innerwear,Briefs,Grey,Summer,2016.0,Casual,Jockey ZONE Men Zone Grey Brief US17,27991.jpg
30302,Men,Apparel,Topwear,Tshirts,Off White,Summer,2012.0,Casual,Myntra Men Evil Minds Off White T-shirt,30302.jpg
12093,Women,Apparel,Topwear,Kurtas,Purple,Fall,2011.0,Ethnic,W Women Printed Purple Kurtas,12093.jpg
29702,Men,Apparel,Topwear,Shirts,White,Summer,2012.0,Formal,John Miller Men White Shirt,29702.jpg
7795,Men,Apparel,Topwear,Tshirts,Blue,Fall,2011.0,Casual,Proline Men Blue Polo T-shirt,7795.jpg
4789,Men,Apparel,Topwear,Tshirts,Grey,Summer,2011.0,Sports,ADIDAS Men's Demon Grey T-shirt,4789.jpg
30926,Women,Apparel,Bottomwear,Skirts,Blue,Summer,2012.0,Ethnic,Fabindia Women Blue Ghera Crinkle Skirt,30926.jpg
49655,Women,Apparel,Bottomwear,Skirts,Pink,Summer,2012.0,Casual,Mineral Pink & Green Skirt,49655.jpg
40256,Men,Apparel,Topwear,Shirts,Blue,Summer,2012.0,Casual,Scullers Men Check Blue Shirt,40256.jpg
56253,Men,Apparel,Loungewear and Nightwear,Night suits,Red,Summer,2016.0,Casual,SDL by Sweet Dreams Men Red & Blue Pyjama Set,56253.jpg
3322,Boys,Apparel,Topwear,Tshirts,Blue,Summer,2011.0,Sports,KKR Boys Fangear Polo Jersey,3322.jpg
16819,Men,Apparel,Bottomwear,Jeans,Blue,Fall,2011.0,Casual,Locomotive Men Washed Blue Jeans,16819.jpg
8393,Men,Apparel,Topwear,Tshirts,White,Fall,2012.0,Sports,ADIDAS Men White T-shirt,8393.jpg
26419,Men,Apparel,Topwear,Shirts,Green,Summer,2012.0,Casual,Turtle Men Check Green Shirt,26419.jpg
33504,Women,Apparel,Dress,Dresses,Pink,Summer,2012.0,Casual,Doodle Kids Girl Printed Pink Dress,33504.jpg
52146,Women,Apparel,Topwear,Tshirts,Lavender,Summer,2012.0,Casual,Femella Women Lavender Polo T-Shirt,52146.jpg
4225,Men,Apparel,Topwear,Tshirts,Purple,Summer,2011.0,Casual,Probase Men's Tribe Gone Wild Purple T-shirt,4225.jpg
34583,Women,Apparel,Topwear,Tops,Peach,Summer,2012.0,Casual,Tonga Women Peach-Coloured Top,34583.jpg
44221,Men,Apparel,Topwear,Tshirts,White,Summer,2012.0,Casual,Nike Men White Ronaldo Football T-shirt,44221.jpg
3265,Men,Apparel,Topwear,Tshirts,Blue,Summer,2011.0,Casual,Guerrilla Men's Kill You Blue T-shirt,3265.jpg
20326,Women,Apparel,Topwear,Tops,Yellow,Summer,2011.0,Casual,Mother Earth Women Printed Yellow Top,20326.jpg
42390,Women,Apparel,Topwear,Tshirts,Grey,Summer,2012.0,Casual,Flying Machine Women Grey T-shirt,42390.jpg
11468,Men,Apparel,Topwear,Shirts,Blue,Fall,2011.0,Casual,United Colors of Benetton Men Summer Navy Blue Shirt,11468.jpg
19746,Men,Apparel,Topwear,Tshirts,Black,Fall,2011.0,Casual,ADIDAS Originals Men Solid Black Tshirt,19746.jpg
15028,Women,Apparel,Topwear,Sweatshirts,Navy Blue,Fall,2011.0,Casual,ADIDAS Women Printed Navy Blue Sweatshirts,15028.jpg
44918,Men,Apparel,Bottomwear,Shorts,White,Summer,2012.0,Casual,Puma Men White Shorts,44918.jpg
13490,Men,Apparel,Bottomwear,Shorts,Blue,Fall,2011.0,Casual,ADIDAS Men Solid Blue Shorts,13490.jpg
52511,Women,Apparel,Loungewear and Nightwear,Bath Robe,White,Winter,2015.0,Casual,Red Rose Women White & Blue Striped Bath Robes,52511.jpg
32574,Women,Apparel,Topwear,Tops,Black,Summer,2012.0,Casual,Only Women Katie Black Top,32574.jpg
42238,Women,Apparel,Topwear,Tunics,Grey,Summer,2012.0,Casual,Sepia Women Grey Tunic,42238.jpg
6020,Men,Apparel,Topwear,Tshirts,Red,Summer,2011.0,Casual,UCB Men's Roundneck With Sail Racing Print Red T-shirt,6020.jpg
5846,Women,Apparel,Topwear,Tops,White,Summer,2011.0,Casual,ADIDAS Women Roller White Top,5846.jpg
11570,Women,Apparel,Topwear,Kurtas,Purple,Summer,2011.0,Ethnic,W Women Printed Purple Kurtas,11570.jpg
4916,Women,Apparel,Topwear,Tops,White,Summer,2011.0,Casual,Gini and Jony Girl's Vollie White Infant Kidswear,4916.jpg
18895,Women,Apparel,Dress,Dresses,Grey,Fall,2011.0,Casual,Arrow Woman Lida Grey Dress,18895.jpg
6722,Men,Apparel,Topwear,Tshirts,Black,Summer,2011.0,Casual,Locomotive Men's Fateeion Black Blue T-shirt,6722.jpg
21152,Men,Apparel,Topwear,Tshirts,Red,Fall,2011.0,Casual,s.Oliver Men Red Printed T-shirt,21152.jpg
28456,Women,Apparel,Bottomwear,Skirts,Blue,Summer,2012.0,Sports,Urban Yoga Women Blue Skirt With Leggings,28456.jpg
18987,Men,Apparel,Topwear,Tshirts,Blue,Summer,2011.0,Casual,ADIDAS Originals Men St Grp Blue T-Shirt,18987.jpg
26989,Women,Apparel,Bottomwear,Jeggings,Black,Summer,2012.0,Casual,Jealous 21 Women Black Jeggings,26989.jpg
51393,Men,Apparel,Bottomwear,Shorts,White,Summer,2012.0,Casual,Myntra Men Green Check Shorts,51393.jpg
12826,Men,Apparel,Topwear,Shirts,White,Fall,2011.0,Casual,Spykar Men Check White Shirts,12826.jpg
2154,Men,Apparel,Topwear,Tshirts,White,Spring,2011.0,Casual,Basics Men Red & Grey Polo T-shirt,2154.jpg
15609,Men,Apparel,Bottomwear,Shorts,Grey,Summer,2012.0,Sports,Nike Men Trainng Grey Shorts,15609.jpg
43504,Men,Apparel,Topwear,Tshirts,Black,Summer,2012.0,Casual,French Connection Men Black Tshirt,43504.jpg
15773,Men,Apparel,Innerwear,Briefs,Grey,Summer,2016.0,Casual,Facit Men Trophy BKN Grey Briefs,15773.jpg
44632,Men,Apparel,Bottomwear,Track Pants,Grey,Summer,2012.0,Sports,Nike Men Grey AS Sideline Track Pants,44632.jpg
47060,Women,Apparel,Bottomwear,Salwar,Blue,Summer,2012.0,Ethnic,Shree Wome Blue & White Jodhpuri Salwar,47060.jpg
43657,Women,Apparel,Bottomwear,Shorts,Purple,Summer,2012.0,Casual,ONLY Women Purple Shorts,43657.jpg
4768,Men,Apparel,Topwear,Tshirts,White,Summer,2011.0,Sports,ADIDAS Men's F50 ST CL White T-shirt,4768.jpg
28005,Men,Apparel,Innerwear,Briefs,Blue,Summer,2016.0,Casual,Jockey ZONE Men Blue Modern Boxer Briefs US19,28005.jpg
17182,Men,Apparel,Topwear,Shirts,Purple,Winter,2016.0,Casual,U.S. Polo Assn. Men Solid Purple Shirt,17182.jpg
28146,Men,Apparel,Innerwear,Innerwear Vests,Grey Melange,Fall,2018.0,Casual,Jockey Men Grey Melange Self-Striped Innerwear Vest 9922,28146.jpg
15752,Men,Apparel,Innerwear,Innerwear Vests,Navy Blue,Summer,2016.0,Casual,Facit Men Bicep Tee Navy Blue Innerwear Vest,15752.jpg
1752,Men,Apparel,Topwear,Tshirts,Red,Fall,2010.0,Sports,Lotto Men Red Epic T-shirt,1752.jpg
52141,Women,Apparel,Topwear,Tshirts,Blue,Summer,2012.0,Casual,Femella Women Blue Polo T-Shirt,52141.jpg
50457,Men,Apparel,Innerwear,Briefs,Black,Summer,2016.0,Casual,Chromozome Men Black & Red Briefs,50457.jpg
47506,Men,Apparel,Innerwear,Innerwear Vests,Blue,Summer,2016.0,Casual,Facit Men Blue Innerwear Vest,47506.jpg
45988,Women,Apparel,Saree,Sarees,Black,Summer,2012.0,Ethnic,Fabindia Black Mangalagiri Saree,45988.jpg
11085,Men,Apparel,Topwear,Shirts,Green,Fall,2011.0,Casual,Scullers Men Check Green Shirts,11085.jpg
19187,Men,Apparel,Topwear,Shirts,Grey,Fall,2011.0,Casual,United Colors of Benetton Men Check Grey Shirt,19187.jpg
50588,Men,Apparel,Innerwear,Briefs,Blue,Summer,2016.0,Casual,Chromozome Men Blue Briefs,50588.jpg
30847,Women,Apparel,Topwear,Kurtas,Maroon,Summer,2012.0,Ethnic,Fabindia Women Printed Maroon Kurta,30847.jpg
28695,Women,Apparel,Topwear,Kurtas,Beige,Summer,2012.0,Ethnic,W Women Printed Beige Kurta,28695.jpg
12331,Women,Apparel,Bottomwear,Jeans,Blue,Fall,2011.0,Casual,Spykar Women Ep Jeans Blue Jeans,12331.jpg
25705,Women,Apparel,Topwear,Tops,Grey,Summer,2012.0,Casual,Mumbai Slang Women Printed Grey Top,25705.jpg
32925,Men,Apparel,Topwear,Tshirts,Black,Summer,2012.0,Casual,Status Quo Men Printed Black T-shirt,32925.jpg
14783,Men,Apparel,Topwear,Shirts,Purple,Fall,2011.0,Formal,Arrow Men Check Purple Shirts,14783.jpg
54942,Men,Apparel,Topwear,Tshirts,Green,Summer,2012.0,Casual,Do u speak green Men Green T-shirt,54942.jpg
23207,Men,Apparel,Topwear,Shirts,Blue,Fall,2011.0,Casual,Highlander Men Blue Check Shirt,23207.jpg
2058,Men,Apparel,Topwear,Tshirts,Pink,Winter,2010.0,Casual,Lee Men's Solo Storm Rider T-shirt,2058.jpg
14674,Men,Apparel,Topwear,Shirts,Yellow,Fall,2011.0,Casual,Basics Men Yellow Slim Fit Shirt,14674.jpg
8583,Men,Apparel,Topwear,Waistcoat,Grey,Fall,2011.0,Casual,Scullers Men Dark Grey Waistcoat,8583.jpg
27364,Men,Apparel,Topwear,Tshirts,Mustard,Fall,2011.0,Casual,Tantra Men Digi Skull Mustard T-shirt,27364.jpg
19110,Men,Apparel,Topwear,Tshirts,Beige,Winter,2016.0,Casual,Campbell Men Pack of 3 Solid Tshirts,19110.jpg
52401,Women,Apparel,Loungewear and Nightwear,Nightdress,Blue,Winter,2015.0,Casual,Red Rose Women Blue Nightdress,52401.jpg
52363,Women,Apparel,Loungewear and Nightwear,Nightdress,Peach,Winter,2015.0,Casual,Red Rose Women Peach Nightdress,52363.jpg
31649,Men,Apparel,Topwear,Shirts,Blue,Summer,2012.0,Formal,Indigo Nation Men Striped Blue Shirt,31649.jpg
54713,Women,Apparel,Apparel Set,Kurta Sets,Cream,Fall,2012.0,Ethnic,Shree Women Cream-Coloured & Pink Printed Salwar Suit with Dupatta,54713.jpg
19423,Men,Apparel,Topwear,Tshirts,White,Summer,2012.0,Casual,Quiksilver Men White Printed T-shirt,19423.jpg
11625,Women,Apparel,Topwear,Kurtas,Red,Summer,2011.0,Ethnic,W Women Printed Red Kurtas,11625.jpg
47283,Men,Apparel,Topwear,Tshirts,Purple,Summer,2012.0,Casual,Myntra Men Pack of 3 T-shirt,47283.jpg
23313,Women,Apparel,Topwear,Kurtas,Red,Fall,2011.0,Ethnic,W Women Red Printed Kurta,23313.jpg
8585,Men,Apparel,Topwear,Shirts,Purple,Fall,2011.0,Casual,Scullers Men Scul Purple Shirts,8585.jpg
31371,Men,Apparel,Topwear,Tshirts,Navy Blue,Summer,2012.0,Casual,Locomotive Men Printed Navy Blue T-shirt,31371.jpg
19801,Men,Apparel,Topwear,Tshirts,Blue,Fall,2011.0,Casual,U.S. Polo Assn. Men Solid Blue Tshirt,19801.jpg
59654,Women,Apparel,Saree,Sarees,Purple,Fall,2012.0,Ethnic,FNF Purple Evening Wear Sari,59654.jpg
30600,Boys,Apparel,Topwear,Tshirts,Black,Summer,2012.0,Sports,Nike Boys Black & White Reversible T-shirt,30600.jpg
24312,Men,Apparel,Bottomwear,Shorts,Navy Blue,Fall,2011.0,Casual,ADIDAS Men Navy Blue Shorts,24312.jpg
27139,Women,Apparel,Innerwear,Bra,White,Summer,2012.0,Casual,Miss-T White Bra,27139.jpg
10691,Men,Apparel,Topwear,Tshirts,Green,Fall,2011.0,Casual,Doodle Boy Little Boy Green Tshirts,10691.jpg
26788,Men,Apparel,Topwear,Shirts,Brown,Summer,2012.0,Formal,Arrow Men Brown Shirt,26788.jpg
25361,Men,Apparel,Innerwear,Trunk,Black,Summer,2016.0,Casual,Levis Men Black & Green Trunks,25361.jpg
19858,Men,Apparel,Topwear,Jackets,Black,Fall,2011.0,Casual,U.S. Polo Assn. Men Solid Black Jacket,19858.jpg
4806,Men,Apparel,Topwear,Tshirts,Blue,Summer,2011.0,Sports,ADIDAS Men's Edge Polo Steel Blue Polo T-shirt,4806.jpg
11626,Women,Apparel,Topwear,Kurtas,Purple,Summer,2011.0,Ethnic,W Women Printed Purple Kurtas,11626.jpg
51021,Women,Apparel,Innerwear,Bra,Maroon,Summer,2017.0,Casual,Enamor Wine Coloured Smooth Bra,51021.jpg
52061,Men,Apparel,Topwear,Tshirts,White,Summer,2012.0,Casual,Myntra Men White Printed T-shirt,52061.jpg
48482,Women,Apparel,Dress,Dresses,Red,Winter,2011.0,Casual,French Connection Women Red Dress,48482.jpg
3893,Girls,Apparel,Topwear,Tshirts,Green,Summer,2011.0,Casual,Disney Kids Girl's Green Minnie Top With Pink Bow Kidswear,3893.jpg
28814,Men,Apparel,Bottomwear,Jeans,Blue,Summer,2012.0,Casual,Denizen Men Blue Jeans,28814.jpg
6536,Men,Apparel,Bottomwear,Shorts,Black,Summer,2011.0,Sports,Nike Men's Trophy Woven Black Short,6536.jpg
27905,Women,Apparel,Bottomwear,Trousers,Black,Summer,2012.0,Casual,Scullers For Her Black Trousers,27905.jpg
27900,Women,Apparel,Bottomwear,Trousers,Beige,Summer,2012.0,Casual,Scullers For Her Women Beige Trousers,27900.jpg
34409,Men,Apparel,Topwear,Tshirts,Black,Summer,2012.0,Casual,Myntra Men Black Rider Performance T-shirt,34409.jpg
2272,Men,Apparel,Topwear,Tshirts,Blue,Fall,2010.0,Sports,Nike Mens Blue Polo T-shirt,2272.jpg
13965,Men,Apparel,Topwear,Tshirts,Blue,Fall,2011.0,Casual,Inkfruit Men Printed Blue Tshirts,13965.jpg
36304,Men,Apparel,Topwear,Tshirts,Green,Summer,2012.0,Casual,Angry Birds Men Green Stop Madness T-shirt,36304.jpg
14548,Women,Apparel,Topwear,Kurtis,Black,Fall,2011.0,Ethnic,Vishudh Women Golden Thread Work Black Kurtis,14548.jpg
32653,Women,Apparel,Topwear,Tshirts,Purple,Summer,2012.0,Sports,Nike Women Sphere Purple T-shirt,32653.jpg
42398,Women,Apparel,Topwear,Tshirts,Grey,Summer,2012.0,Casual,Flying Machine Women Grey T-shirt,42398.jpg
10335,Women,Apparel,Topwear,Tops,Pink,Fall,2011.0,Casual,United Colors of Benetton Women Striped Magenta Top,10335.jpg
8790,Men,Apparel,Topwear,Shirts,White,Fall,2011.0,Formal,Indigo Nation Men Price catch Black White Shirts,8790.jpg
31287,Men,Apparel,Bottomwear,Shorts,Black,Summer,2012.0,Casual,Puma Men Dazzle Black Shorts,31287.jpg
6021,Men,Apparel,Topwear,Tshirts,Blue,Summer,2011.0,Casual,UCB Men's Johny Collar With Two Tone Dark Blue T-shirt,6021.jpg
9754,Women,Apparel,Bottomwear,Track Pants,Black,Fall,2011.0,Casual,ADIDAS Women Ess Mf Yoga Black Pants,9754.jpg
33315,Men,Apparel,Topwear,Tshirts,Navy Blue,Summer,2012.0,Casual,Arrow New York Men Navy Blue Polo T-shirt,33315.jpg
12785,Women,Apparel,Topwear,Tops,Pink,Fall,2011.0,Ethnic,Mother Earth Women Checks Pink Shirts,12785.jpg
46263,Women,Apparel,Topwear,Tunics,Black,Summer,2012.0,Casual,109F Women Black Printed Tunic,46263.jpg
4990,Women,Apparel,Bottomwear,Shorts,White,Summer,2011.0,Casual,Gini and Jony Girl's Scotia White Purple Kidswear,4990.jpg
3785,Men,Apparel,Topwear,Tshirts,Black,Summer,2011.0,Casual,Basics Men Black & Green Striped Polo T-shirt,3785.jpg
7742,Men,Apparel,Topwear,Tshirts,Purple,Fall,2011.0,Casual,Indigo Nation Men Purple Polo T-shirt,7742.jpg
27154,Men,Apparel,Topwear,Shirts,Grey,Summer,2012.0,Formal,Mark Taylor Men Striped Grey Shirt,27154.jpg
54684,Women,Apparel,Topwear,Kurtas,Multi,Summer,2012.0,Ethnic,Shree Women Multicoloured Printed Kurta,54684.jpg
14637,Men,Apparel,Topwear,Shirts,White,Fall,2011.0,Casual,Probase Men Classic Check White Shirts,14637.jpg
20792,Men,Apparel,Topwear,Jackets,Beige,Fall,2011.0,Casual,Basics Men Beige Blazer Jacket,20792.jpg
19804,Men,Apparel,Topwear,Tshirts,Blue,Fall,2011.0,Casual,U.S. Polo Assn. Men Solid Blue Tshirt,19804.jpg
33308,Boys,Apparel,Bottomwear,Jeans,Black,Summer,2012.0,Casual,Gini and Jony Boys Solid Black Jeans,33308.jpg
13998,Men,Apparel,Topwear,Sweatshirts,White,Fall,2011.0,Sports,Nike Men Printed White Sweatshirts,13998.jpg
24707,Men,Apparel,Topwear,Tshirts,Yellow,Fall,2011.0,Casual,Puma Men Yellow Printed T-shirt,24707.jpg
10433,Men,Apparel,Topwear,Shirts,Black,Fall,2011.0,Casual,Flying Machine Men Ydc Black Shirts,10433.jpg
17901,Men,Apparel,Topwear,Jackets,Black,Fall,2011.0,Sports,Nike Men Football Soccer Black Jacket,17901.jpg
39459,Women,Apparel,Topwear,Kurtas,White,Summer,2012.0,Ethnic,Diva Women White Kurta,39459.jpg
21455,Women,Apparel,Topwear,Tshirts,Grey,Winter,2012.0,Casual,Roxy Women Grey T-shirt,21455.jpg
27435,Women,Apparel,Innerwear,Bra,Grey Melange,Winter,2015.0,Sports,Jockey Grey Melange Xena Sports Bra 1378,27435.jpg
6564,Men,Apparel,Bottomwear,Shorts,Blue,Summer,2011.0,Sports,Nike Men's Woven Blue Short,6564.jpg
23170,Men,Apparel,Topwear,Tshirts,Blue,Fall,2011.0,Casual,Mark Taylor Men Blue Printed T-shirt,23170.jpg
7415,Women,Apparel,Topwear,Kurtas,Black,Summer,2011.0,Ethnic,W Women Sqaure Neck Yarn Dyed Short Sleeve Black Kurta,7415.jpg
58395,Men,Apparel,Topwear,Shirts,Purple,Summer,2012.0,Casual,Locomotive Men Purple Shirt,58395.jpg
13295,Women,Apparel,Topwear,Tops,Pink,Fall,2011.0,Casual,Gini and Jony Kids Girls Printed Pink Tops,13295.jpg
19642,Men,Apparel,Topwear,Tshirts,Cream,Fall,2011.0,Casual,United Colors of Benetton Men Stripes Cream Polo Tshirt,19642.jpg
50617,Men,Apparel,Innerwear,Briefs,Grey,Summer,2016.0,Casual,Chromozome Men Grey Briefs,50617.jpg
5827,Men,Apparel,Topwear,Tshirts,Grey,Summer,2011.0,Casual,ADIDAS Men's Prt Grey T-shirt,5827.jpg
27372,Men,Apparel,Topwear,Tshirts,Green,Fall,2011.0,Casual,Tantra Men Blood Test Green T-shirt,27372.jpg
55800,Women,Apparel,Loungewear and Nightwear,Nightdress,White,Summer,2017.0,Casual,SDL by Sweet Dreams Women Green Nightdress,55800.jpg
59992,Women,Apparel,Dress,Dresses,Black,Fall,2012.0,Casual,Avirate Black & White Dress,59992.jpg
45633,Men,Apparel,Innerwear,Briefs,Navy Blue,Summer,2016.0,Casual,Park Avenue Men Navy Blue Swank Brief,45633.jpg
48361,Men,Apparel,Topwear,Shirts,Blue,Summer,2012.0,Casual,French Connection Men Blue Shirt,48361.jpg
57148,Women,Apparel,Innerwear,Camisoles,Black,Summer,2017.0,Casual,Elle Women Black Camisole,57148.jpg
31225,Women,Apparel,Topwear,Tshirts,Black,Winter,2013.0,Casual,Puma Women Black Polo T-shirt,31225.jpg
20787,Men,Apparel,Topwear,Sweaters,Black,Fall,2011.0,Casual,Genesis Men Solid Black Sweater,20787.jpg
22345,Men,Apparel,Topwear,Tshirts,Blue,Fall,2011.0,Casual,John Players Men Printed Blue T-Shirt,22345.jpg
38814,Women,Apparel,Topwear,Shirts,Orange,Fall,2012.0,Casual,Latin Quarters Women Orange & Grey Check Shirt,38814.jpg
21172,Women,Apparel,Topwear,Tunics,Blue,Fall,2011.0,Casual,s.Oliver Women Powder Blue Tunic,21172.jpg
9148,Women,Apparel,Bottomwear,Jeans,Blue,Summer,2013.0,Casual,Lee Women Blue Jeans,9148.jpg
44892,Men,Apparel,Topwear,Tshirts,Black,Summer,2012.0,Casual,Puma Men Black Polo T-shirt,44892.jpg
29675,Men,Apparel,Topwear,Shirts,Black,Summer,2012.0,Formal,Indigo Nation Men Black Shirt,29675.jpg
19841,Men,Apparel,Topwear,Shirts,Grey,Fall,2011.0,Casual,U.S. Polo Assn. Men Check Grey Shirt,19841.jpg
59095,Women,Apparel,Innerwear,Bra,Skin,Summer,2017.0,Casual,Peri Peri Women Skin Bra,59095.jpg
30335,Men,Apparel,Topwear,Tshirts,Off White,Summer,2012.0,Casual,Myntra Men Lost Valley Off White T-shirt,30335.jpg
41780,Women,Apparel,Topwear,Tops,Maroon,Summer,2012.0,Casual,Remanika Women Maroon Top,41780.jpg
40184,Women,Apparel,Topwear,Kurtis,Pink,Summer,2012.0,Ethnic,Mumbai Slang Women Floral Pink Kurti,40184.jpg
34118,Girls,Apparel,Bottomwear,Shorts,Black,Summer,2012.0,Casual,Doodle Girls Washed Black Shorts,34118.jpg
38480,Boys,Apparel,Topwear,Tshirts,Red,Summer,2012.0,Casual,Gini and Jony Boys United Red T-shirt,38480.jpg
59651,Women,Apparel,Saree,Sarees,Cream,Fall,2012.0,Ethnic,FNF Cream & Pink Evening Wear Sari,59651.jpg
18278,Women,Apparel,Topwear,Kurtas,Blue,Fall,2011.0,Ethnic,Aneri Women Simi Blue Kurta,18278.jpg
6948,Women,Apparel,Topwear,Tshirts,Blue,Summer,2011.0,Casual,s.Oliver Women's Printed Top Blue T-shirt,6948.jpg
12124,Women,Apparel,Topwear,Kurtas,Maroon,Fall,2011.0,Ethnic,Aurelia Women Printed Maroon Kurtas,12124.jpg
32958,Men,Apparel,Topwear,Tshirts,Charcoal,Summer,2012.0,Casual,Angry Birds Men Printed Charcoal Grey T-shirt,32958.jpg
56696,Men,Apparel,Topwear,Kurtas,Teal,Summer,2012.0,Ethnic,Fabindia Men Teal Kurta,56696.jpg
4886,Women,Apparel,Topwear,Tops,Pink,Summer,2011.0,Casual,Levis Kids Girl's Dana Pink Teens Kidswear,4886.jpg
36288,Women,Apparel,Loungewear and Nightwear,Night suits,Pink,Summer,2017.0,Casual,SDL by Sweet Dreams Women Pink Night suits,36288.jpg
39121,Women,Apparel,Bottomwear,Leggings,Pink,Fall,2012.0,Casual,Aneri Women Pink Leggings,39121.jpg
3875,Men,Apparel,Topwear,Tshirts,Grey,Summer,2011.0,Casual,Wrangler Men's Trademark Washed Grey T-shirt,3875.jpg
58497,Women,Apparel,Topwear,Tops,Pink,Summer,2012.0,Casual,Tonga Women Pink Top,58497.jpg
10481,Men,Apparel,Topwear,Shirts,Blue,Fall,2011.0,Casual,Flying Machine Men Ydc Blue Shirts,10481.jpg
23172,Men,Apparel,Topwear,Tshirts,Grey,Fall,2011.0,Casual,Mark Taylor Men Grey Printed T-shirt,23172.jpg
15600,Men,Apparel,Topwear,Sweatshirts,Grey,Fall,2011.0,Casual,Nike Men Casual Grey Sweatshirts,15600.jpg
15134,Men,Apparel,Bottomwear,Trousers,Brown,Fall,2011.0,Casual,Arrow Sport Men Solid Brown Trousers,15134.jpg
15632,Women,Apparel,Bottomwear,Track Pants,Black,Summer,2012.0,Sports,Nike Women AS Regular DF Cotton Black Track Pants,15632.jpg
32482,Men,Apparel,Topwear,Tshirts,Red,Summer,2012.0,Casual,Proline Men Red Polo T-shirt,32482.jpg
34316,Men,Apparel,Topwear,Tshirts,Orange,Summer,2012.0,Casual,Myntra Men Hawaii Orange T-shirt,34316.jpg
19583,Men,Apparel,Topwear,Tshirts,Black,Summer,2011.0,Casual,United Colors of Benetton Men Stripes Black Tshirt,19583.jpg
50586,Men,Apparel,Innerwear,Briefs,Black,Summer,2016.0,Casual,Chromozome Men Black Briefs,50586.jpg
31288,Men,Apparel,Topwear,Tshirts,Black,Summer,2012.0,Sports,PUMA Black Training Polo T-shirt,31288.jpg
39179,Women,Apparel,Topwear,Kurtas,Blue,Summer,2012.0,Ethnic,Aneri Women Blue Kurtas,39179.jpg
24144,Men,Apparel,Topwear,Tshirts,Blue,Spring,2012.0,Casual,ADIDAS Men Blue Printed T-shirt,24144.jpg
7573,Men,Apparel,Topwear,Tshirts,Green,Summer,2011.0,Sports,Nike Men's As Race Day Green T-shirt,7573.jpg
6177,Men,Apparel,Topwear,Tshirts,Blue,Summer,2011.0,Casual,Lee Men's Cosmos Blue Lapis T-shirt,6177.jpg
59090,Women,Apparel,Innerwear,Bra,Black,Summer,2017.0,Casual,Peri Peri Women Black Bra,59090.jpg
11079,Men,Apparel,Topwear,Shirts,Green,Fall,2011.0,Casual,Scullers Men Check Green Shirts,11079.jpg
29607,Men,Apparel,Topwear,Shirts,Purple,Summer,2012.0,Formal,Indigo Nation Men Striped Purple Shirt,29607.jpg
6540,Men,Apparel,Topwear,Tshirts,Green,Summer,2011.0,Sports,Nike Men's Training Green T-shirt,6540.jpg
59658,Women,Apparel,Saree,Sarees,Blue,Fall,2012.0,Ethnic,FNF Red & Blue Printed Sari,59658.jpg
2050,Men,Apparel,Topwear,Shirts,Black,Winter,2010.0,Casual,Lee Men Essential Black Shirt,2050.jpg
12165,Women,Apparel,Topwear,Dupatta,Navy Blue,Fall,2011.0,Ethnic,Aurelia Women Voile Navy Blue Dupatta,12165.jpg
21600,Men,Apparel,Bottomwear,Track Pants,Navy Blue,Fall,2011.0,Sports,Urban Yoga Men Solid Navy Blue Track Pants,21600.jpg
43654,Women,Apparel,Topwear,Tops,Cream,Summer,2012.0,Casual,ONLY Women Cream Printed Top,43654.jpg
19176,Men,Apparel,Topwear,Shirts,Black,Fall,2011.0,Casual,United Colors of Benetton Men Check Black Shirt,19176.jpg
49968,Men,Apparel,Innerwear,Innerwear Vests,White,Summer,2016.0,Casual,Hanes Men White Innerwear Vest,49968.jpg
35440,Boys,Apparel,Topwear,Shirts,Black,Summer,2012.0,Casual,Doodle Boys Check Black Shirt,35440.jpg
15168,Men,Apparel,Topwear,Tshirts,Green,Fall,2011.0,Casual,Arrow Sport Men Solid Green Polo Tshirts,15168.jpg
30621,Men,Apparel,Topwear,Tshirts,Black,Summer,2012.0,Casual,Nike Men Speed Black T-shirt,30621.jpg
28008,Men,Apparel,Innerwear,Trunk,Blue,Summer,2016.0,Casual,Jockey ZONE Men Blue Modern Trunks US19,28008.jpg
11563,Women,Apparel,Topwear,Kurtas,Cream,Summer,2011.0,Ethnic,W Women Printed Cream Kurtas,11563.jpg
57402,Women,Apparel,Innerwear,Briefs,Maroon,Winter,2015.0,Casual,Amante Women Maroon Briefs PGDI03,57402.jpg
54328,Women,Apparel,Innerwear,Briefs,Black,Summer,2017.0,Casual,Garfield Women Black Hipster Briefs GFA12-027,54328.jpg
4980,Women,Apparel,Bottomwear,Shorts,Blue,Summer,2011.0,Casual,Palm Tree Girl's Benita Blue Kidswear,4980.jpg
18704,Men,Apparel,Innerwear,Briefs,Blue,Summer,2016.0,Casual,Hanes Men Blue Ultimate Duo Dry Cotton Stretch Hip Briefs,18704.jpg
19453,Men,Apparel,Topwear,Tshirts,Purple,Fall,2011.0,Casual,Quiksilver Men Purple Printed T-shirt,19453.jpg
11078,Men,Apparel,Topwear,Sweaters,Grey,Fall,2011.0,Casual,Scullers Men Stripes Grey Sweaters,11078.jpg
57209,Women,Apparel,Bottomwear,Jeans,Blue,Fall,2012.0,Casual,Kraus Jeans Women Blue Jeans,57209.jpg
38521,Men,Apparel,Topwear,Tshirts,White,Summer,2012.0,Casual,Angry Birds Men White T-shirt,38521.jpg
5959,Men,Apparel,Topwear,Shirts,Green,Summer,2011.0,Casual,Locomotive Men Green White Blue Checked Shirt,5959.jpg
28568,Men,Apparel,Topwear,Tshirts,White,Summer,2012.0,Casual,Nike Men Verbiage White T-shirt,28568.jpg
43642,Women,Apparel,Topwear,Tops,Grey,Summer,2012.0,Casual,Vero Moda Women Grey Top,43642.jpg
10842,Men,Apparel,Topwear,Tshirts,Grey,Fall,2011.0,Casual,Wrangler Men Celebrate Polo Grey T-Shirt,10842.jpg
9799,Women,Apparel,Topwear,Tops,Magenta,Fall,2011.0,Casual,Scullers For Her Women Scullers Top Magenta Tops,9799.jpg
30311,Men,Apparel,Topwear,Tshirts,Red,Summer,2012.0,Casual,Myntra Men Freak Show Red T-shirt,30311.jpg
23035,Men,Apparel,Topwear,Shirts,Lavender,Fall,2011.0,Formal,Arrow Men Lavender Striped Shirt,23035.jpg
13957,Women,Apparel,Topwear,Tops,Purple,Summer,2011.0,Casual,United Colors of Benetton Women Solid Purple Tops,13957.jpg
34026,Boys,Apparel,Topwear,Tshirts,White,Summer,2012.0,Casual,Gini and Jony Boys White Printed T-shirt,34026.jpg
6868,Women,Apparel,Dress,Dresses,Black,Summer,2011.0,Casual,Forever New Women's Waterfall Sleeve Shift Black Dress,6868.jpg
7536,Men,Apparel,Topwear,Tshirts,White,Summer,2011.0,Sports,Nike Men's AS SS Trainin White T-shirt,7536.jpg
20264,Men,Apparel,Topwear,Tshirts,Black,Fall,2011.0,Casual,Wrangler Men Ride Black Tshirt,20264.jpg
55623,Men,Footwear,Shoes,Casual Shoes,Black,Summer,2012.0,Casual,Numero Uno Men Black Shoes,55623.jpg
4483,Men,Footwear,Shoes,Casual Shoes,Silver,Summer,2011.0,Casual,Puma Men's Kraftek Metallic Silver Red Shoe,4483.jpg
2379,Men,Footwear,Shoes,Formal Shoes,Black,Winter,2018.0,Formal,Red Tape Men's Black Formal Shoe,2379.jpg
15887,Girls,Footwear,Sandal,Sandals,Blue,Fall,2012.0,Casual,Warner Bros Kids Girls TW Big Facelog Blue Sandals,15887.jpg
39500,Men,Footwear,Shoes,Sports Shoes,Green,Summer,2012.0,Sports,Nike Men Green Dunk High Sports Shoes,39500.jpg
22981,Men,Footwear,Shoes,Sports Shoes,White,Fall,2011.0,Sports,FILA Men White Rogue Sports Shoes,22981.jpg
22958,Men,Footwear,Shoes,Sports Shoes,White,Summer,2012.0,Sports,Reebok Men White Acciomax Sports Shoes,22958.jpg
2371,Men,Footwear,Shoes,Casual Shoes,Brown,Winter,2018.0,Casual,Red Tape Semi Casual Brown Shoe,2371.jpg
6734,Women,Footwear,Shoes,Sports Shoes,Pink,Summer,2011.0,Sports,Puma Women Faas 300 Pink White Blue Shoe,6734.jpg
44786,Men,Footwear,Shoes,Casual Shoes,Blue,Summer,2012.0,Casual,Lotto Men Blue Shoes,44786.jpg
46333,Men,Footwear,Shoes,Sports Shoes,Grey,Summer,2012.0,Sports,Reebok Men Black Run Cruise Lp Sports Shoes,46333.jpg
11933,Women,Footwear,Shoes,Sports Shoes,Grey,Fall,2011.0,Sports,Skechers Women Sports Grey Sports Shoes,11933.jpg
30243,Men,Footwear,Flip Flops,Flip Flops,Black,Summer,2012.0,Casual,Numero Uno Men Black Flip Flops,30243.jpg
21059,Men,Footwear,Shoes,Formal Shoes,Black,Fall,2012.0,Formal,Clarks Men Extra Look Black Formal Shoe,21059.jpg
57948,Men,Footwear,Shoes,Casual Shoes,Brown,Spring,2012.0,Casual,Clarks Men Brown Casual Shoes,57948.jpg
12982,Women,Footwear,Flip Flops,Flip Flops,Black,Fall,2011.0,Casual,ADIDAS Women Calo 3  Black Flip Flops,12982.jpg
45398,Women,Footwear,Shoes,Flats,White,Summer,2012.0,Casual,Rocia Women White Sandals,45398.jpg
42020,Men,Footwear,Shoes,Casual Shoes,Brown,Summer,2012.0,Casual,ADIDAS Men Brown Mudslide Shoes,42020.jpg
34632,Men,Footwear,Shoes,Sports Shoes,Grey,Summer,2012.0,Sports,Lotto Men Dolce Vita II Grey Sports Shoes,34632.jpg
13684,Men,Footwear,Shoes,Casual Shoes,Black,Fall,2011.0,Casual,ADIDAS Men Dash Casual Shoes,13684.jpg
49812,Women,Footwear,Flip Flops,Flip Flops,Pink,Winter,2012.0,Casual,iPanema Women Pink Flip Flops,49812.jpg
49373,Men,Footwear,Shoes,Casual Shoes,Black,Summer,2012.0,Casual,Vans Men Black Casual Shoes,49373.jpg
35414,Men,Footwear,Shoes,Formal Shoes,Black,Summer,2013.0,Formal,Enroute Men Black Formal Shoes,35414.jpg
10766,Unisex,Footwear,Flip Flops,Flip Flops,Yellow,Winter,2012.0,Casual,Disney Unisex Kids Basic Yellow Flip Flops,10766.jpg
35575,Men,Footwear,Flip Flops,Flip Flops,Green,Summer,2013.0,Casual,Gliders Men Green Esquire Flip Flops,35575.jpg
11948,Men,Footwear,Shoes,Casual Shoes,Black,Summer,2012.0,Casual,Ganuchi Men Casual Black Casual Shoes,11948.jpg
10173,Men,Footwear,Sandal,Sandals,Brown,Fall,2011.0,Casual,United Colors of Benetton Men Tango Brown Sandals,10173.jpg
49623,Women,Footwear,Shoes,Heels,Beige,Winter,2015.0,Casual,Catwalk Women Beige Heels,49623.jpg
33638,Men,Footwear,Flip Flops,Flip Flops,Black,Winter,2012.0,Casual,Lotto Men ACCU Red & Black Flip Flops,33638.jpg
39628,Women,Footwear,Shoes,Sports Shoes,Grey,Summer,2012.0,Sports,Nike Women Transform Grey Sports Shoes,39628.jpg
12506,Men,Footwear,Shoes,Casual Shoes,Brown,Winter,2018.0,Casual,Red Tape Men Brown Shoes,12506.jpg
47582,Women,Footwear,Shoes,Flats,Brown,Winter,2012.0,Ethnic,Portia Women Blue Flats,47582.jpg
6511,Men,Footwear,Sandal,Sandals,Brown,Winter,2018.0,Casual,Red Tape Men Tan Brown Floater,6511.jpg
10127,Men,Footwear,Shoes,Casual Shoes,Brown,Fall,2011.0,Casual,Rockport Men Espresso Brown Casual Shoes,10127.jpg
11495,Women,Footwear,Shoes,Flats,Grey,Winter,2015.0,Casual,Catwalk Women Gun Metal Grey Ballerinas,11495.jpg
34644,Men,Footwear,Shoes,Sports Shoes,Black,Fall,2012.0,Sports,Fila Men Pursuit Black Sports Shoes,34644.jpg
33824,Women,Footwear,Shoes,Sports Shoes,Grey,Summer,2012.0,Sports,Puma Women Grey Axis Sports Shoes,33824.jpg
29231,Women,Footwear,Shoes,Flats,Black,Summer,2012.0,Casual,Puma Women Black Grace Flats,29231.jpg
5684,Men,Footwear,Shoes,Casual Shoes,Black,Winter,2015.0,Casual,Skechers Men Black Shoe,5684.jpg
3628,Men,Footwear,Sandal,Sandals,Grey,Winter,2011.0,Casual,Puma Men Jiff  Grey Navy Sandal,3628.jpg
54125,Women,Footwear,Shoes,Heels,Brown,Winter,2012.0,Casual,Rocia Women Brown Heels,54125.jpg
6681,Women,Footwear,Shoes,Sports Shoes,White,Summer,2011.0,Sports,Nike Women's Izanami White Blue Shoe,6681.jpg
11858,Men,Footwear,Flip Flops,Flip Flops,Black,Summer,2011.0,Casual,Playboy Men Casual Black Slippers,11858.jpg
15376,Men,Footwear,Shoes,Sports Shoes,White,Fall,2011.0,Sports,FILA Men Fila Boston White Sports Shoes,15376.jpg
33342,Men,Footwear,Shoes,Formal Shoes,Black,Summer,2012.0,Casual,Homme Men Black Formal Shoes,33342.jpg
13682,Women,Footwear,Shoes,Sports Shoes,Silver,Fall,2011.0,Sports,ADIDAS Women Duramo 3 Sports Shoes,13682.jpg
9402,Women,Footwear,Shoes,Sports Shoes,White,Fall,2011.0,Sports,Nike Women Wmns Cou White Sports Shoes,9402.jpg
41938,Women,Footwear,Flip Flops,Flip Flops,Gold,Winter,2012.0,Casual,iPanema Women Gold Flip Flops,41938.jpg
46098,Men,Footwear,Shoes,Casual Shoes,Olive,Summer,2012.0,Casual,ADIDAS Men  light Olive Sheridan Shoes,46098.jpg
10758,Girls,Footwear,Shoes,Casual Shoes,Blue,Winter,2012.0,Casual,Disney Kids Girls Princess Heart Blue Casual Shoes,10758.jpg
56999,Women,Footwear,Shoes,Flats,Red,Winter,2012.0,Casual,HM Women Red Sandals,56999.jpg
39307,Men,Footwear,Shoes,Casual Shoes,Black,Winter,2018.0,Casual,Red Chief Men Black Shoes,39307.jpg
5363,Unisex,Footwear,Shoes,Sports Shoes,White,Summer,2011.0,Sports,Btwin Six Mtb Shoes 2009,5363.jpg
23941,Men,Footwear,Shoes,Sports Shoes,White,Fall,2011.0,Sports,Lotto Men White Porteo Sports Shoes,23941.jpg
4122,Unisex,Footwear,Shoes,Casual Shoes,Black,Summer,2011.0,Casual,Puma Unisex Lo Punk Black Yellow Shoe,4122.jpg
43937,Women,Footwear,Shoes,Heels,Black,Winter,2012.0,Casual,Catwalk Women Black & Pink Heels,43937.jpg
3561,Men,Footwear,Shoes,Casual Shoes,Black,Winter,2015.0,Casual,Skechers Men's Zeta Black Lifestyle Casual Shoe,3561.jpg
10148,Men,Footwear,Shoes,Casual Shoes,Brown,Fall,2011.0,Casual,Rockport Men Sc Slip On Brown Casual Shoes,10148.jpg
27253,Men,Footwear,Shoes,Sports Shoes,Blue,Summer,2014.0,Sports,ASICS Men Blue Gel-Tarther Running Shoes,27253.jpg
35416,Men,Footwear,Shoes,Formal Shoes,Black,Summer,2012.0,Formal,Enroute Men Black Formal Shoes,35416.jpg
39584,Women,Footwear,Shoes,Heels,Black,Winter,2015.0,Casual,Catwalk Women Black Heels,39584.jpg
31554,Men,Footwear,Shoes,Casual Shoes,Khaki,Summer,2016.0,Casual,Woodland Men Khaki Casual Shoes,31554.jpg
49624,Women,Footwear,Shoes,Heels,Blue,Winter,2015.0,Casual,Catwalk Women Blue Flats,49624.jpg
20895,Men,Footwear,Shoes,Casual Shoes,Orange,Fall,2011.0,Casual,Basics Men Orange Casual Shoes,20895.jpg
47636,Women,Footwear,Shoes,Heels,Red,Spring,2013.0,Casual,Carlton London Women Red Peep Toes,47636.jpg
11942,Men,Footwear,Sandal,Sandals,Black,Summer,2011.0,Casual,Ganuchi Men Casual Black Sandals,11942.jpg
5535,Men,Footwear,Shoes,Sports Shoes,Grey,Summer,2011.0,Sports,Nike Men's Air Max Tailwind Dark Grey Shoe,5535.jpg
43932,Women,Footwear,Shoes,Heels,Blue,Winter,2012.0,Casual,Catwalk Women Blue Heels,43932.jpg
16154,Men,Footwear,Shoes,Formal Shoes,Black,Fall,2011.0,Formal,Enroute Men Leather Black Formal Shoes,16154.jpg
19239,Men,Footwear,Shoes,Casual Shoes,Black,Fall,2011.0,Casual,Puma Men Standpunkt Classic Black Casual Shoes,19239.jpg
22706,Women,Footwear,Shoes,Sports Shoes,White,Fall,2011.0,Sports,Nike Women White Capri II Sports Shoes,22706.jpg
11843,Men,Footwear,Shoes,Casual Shoes,Blue,Summer,2013.0,Casual,Playboy Men Casual Blue Casual Shoes,11843.jpg
24078,Women,Footwear,Shoes,Heels,Black,Winter,2015.0,Casual,productDisplayName,24078.jpg
39547,Men,Footwear,Flip Flops,Flip Flops,Red,Summer,2012.0,Casual,Numero Uno Men Red Flip Flops,39547.jpg
3241,Men,Footwear,Shoes,Sports Shoes,Black,Fall,2010.0,Sports,Puma Men Route Ducati Black Shoe,3241.jpg
54537,Men,Footwear,Shoes,Sports Shoes,White,Fall,2012.0,Sports,F Sports Men White Deen Sports Shoes,54537.jpg
20690,Men,Footwear,Shoes,Casual Shoes,Black,Winter,2011.0,Casual,Buckaroo Men Vecino Black Casual Shoes,20690.jpg
4526,Men,Footwear,Shoes,Sports Shoes,Black,Summer,2011.0,Sports,Puma Men's Tergament Black Beige Silver Shoe,4526.jpg
17664,Women,Footwear,Shoes,Casual Shoes,Blue,Winter,2015.0,Casual,Catwalk Women Pumps Blue Casual Shoe,17664.jpg
20804,Men,Footwear,Shoes,Sports Shoes,White,Fall,2010.0,Sports,Fila Men Streak White Sports Shoes,20804.jpg
5541,Men,Footwear,Shoes,Sports Shoes,Grey,Summer,2011.0,Sports,Nike Mens Jordan Ptp'er White & Grey Shoes,5541.jpg
41439,Men,Footwear,Shoes,Sports Shoes,Black,Fall,2012.0,Sports,Lee Cooper Men Black Sports Shoes,41439.jpg
5573,Men,Footwear,Shoes,Sports Shoes,Grey,Summer,2011.0,Sports,Nike Men's Air Pegasus Grey Yellow Shoe,5573.jpg
22733,Men,Footwear,Shoes,Casual Shoes,Grey,Fall,2011.0,Casual,Nike Men Dunk High Grey Casual Shoes,22733.jpg
28331,Men,Footwear,Sandal,Sandals,Brown,Winter,2018.0,Casual,Redtape Men Casual Brown Sandals,28331.jpg
34514,Women,Footwear,Flip Flops,Flip Flops,Black,Summer,2012.0,Casual,ADIDAS Women Adi Dew Black Flip Flops,34514.jpg
39605,Women,Footwear,Shoes,Heels,Gold,Winter,2015.0,Casual,Catwalk Women Gold Heels,39605.jpg
45625,Men,Footwear,Shoes,Casual Shoes,Brown,Winter,2018.0,Casual,Red Tape Men Brown Shoes,45625.jpg
49588,Women,Footwear,Shoes,Heels,Black,Winter,2015.0,Casual,Catwalk Women Black Heels,49588.jpg
32742,Men,Footwear,Shoes,Casual Shoes,Grey,Summer,2013.0,Casual,Fila Men Calve Grey Shoes,32742.jpg
9051,Men,Footwear,Shoes,Sports Shoes,Grey,Fall,2011.0,Sports,ADIDAS Men Speed Boat Grey Sports Shoes,9051.jpg
26456,Unisex,Footwear,Shoes,Casual Shoes,Red,Fall,2012.0,Casual,Puma Unisex Limnos Red Casual Shoes,26456.jpg
17485,Men,Footwear,Shoes,Sports Shoes,White,Fall,2011.0,Sports,Fila Men DLS Slam White Sports Shoe,17485.jpg
14438,Women,Footwear,Shoes,Heels,Yellow,Summer,2012.0,Casual,Enroute Women Casual Yellow Heels,14438.jpg
44463,Women,Footwear,Shoes,Flats,Pink,Summer,2012.0,Casual,Senorita Women Cherry Red Sandals,44463.jpg
49814,Women,Footwear,Flip Flops,Flip Flops,Red,Winter,2012.0,Casual,iPanema Women Red Flip Flops,49814.jpg
3695,Men,Footwear,Shoes,Casual Shoes,White,Summer,2011.0,Casual,Lotto Men's Rio Velcro White Indigo Shoe,3695.jpg
14408,Women,Footwear,Shoes,Heels,Beige,Summer,2012.0,Casual,Enroute Women Casual Beige Flats,14408.jpg
21566,Men,Footwear,Shoes,Casual Shoes,Black,Summer,2012.0,Casual,Numero Uno Men Casual Black Shoes,21566.jpg
42270,Unisex,Footwear,Shoes,Casual Shoes,Black,Summer,2012.0,Casual,Vans Unisex Black & Grey Classic Shoes,42270.jpg
50778,Men,Footwear,Shoes,Casual Shoes,Navy Blue,Spring,2013.0,Casual,Clarks Men Navy Leather Sneakers,50778.jpg
6912,Women,Footwear,Shoes,Flats,Black,Fall,2012.0,Casual,Timberland Women Nekkol Convertable Black Sports Sandals,6912.jpg
59324,Men,Footwear,Sandal,Sandals,Black,Summer,2012.0,Casual,Gliders Men Black Sandals,59324.jpg
59019,Women,Footwear,Shoes,Flats,Black,Winter,2012.0,Casual,Carlton London Women Black Flats,59019.jpg
2391,Men,Footwear,Shoes,Formal Shoes,Black,Winter,2018.0,Formal,Red Tape Men Formal Black Shoe,2391.jpg
12478,Men,Footwear,Shoes,Formal Shoes,Black,Fall,2012.0,Formal,Clarks Men Black Leather Formal Shoes,12478.jpg
18656,Men,Footwear,Shoes,Sports Shoes,Black,Fall,2011.0,Sports,Fila Men Thunder Black Basketball Sports Shoes,18656.jpg
44768,Men,Footwear,Shoes,Casual Shoes,Black,Summer,2012.0,Casual,Globalite Men Black Macross Shoes,44768.jpg
10101,Men,Footwear,Shoes,Sports Shoes,Black,Fall,2011.0,Sports,Reebok Men Island Explorer Black Sports Shoes,10101.jpg
21184,Men,Footwear,Flip Flops,Flip Flops,Black,Spring,2012.0,Casual,ADIDAS Men Star Story Black Flip Flops,21184.jpg
3823,Unisex,Footwear,Sandal,Sandals,White,Summer,2011.0,Casual,Crocs Unisex Crocband White Sandal,3823.jpg
23250,Men,Footwear,Shoes,Formal Shoes,Black,Fall,2011.0,Formal,Arrow Men Formal Black Shoes,23250.jpg
13273,Women,Footwear,Shoes,Heels,Gold,Winter,2012.0,Casual,Inc 5 Women Casual Gold Heels,13273.jpg
39979,Men,Footwear,Shoes,Casual Shoes,Beige,Summer,2013.0,Casual,Gas Men Flint Grey Shoes,39979.jpg
44201,Women,Footwear,Flip Flops,Flip Flops,Black,Winter,2012.0,Casual,iPanema Women Black Flip Flops,44201.jpg
44216,Women,Footwear,Flip Flops,Flip Flops,White,Winter,2012.0,Casual,iPanema Women White Flip Flops,44216.jpg
20876,Men,Footwear,Shoes,Casual Shoes,Black,Summer,2012.0,Casual,Skechers Men Casual Black Shoes,20876.jpg
38525,Men,Footwear,Shoes,Casual Shoes,Black,Summer,2012.0,Casual,Puma Men Black Taisoku Casual Shoes,38525.jpg
22732,Men,Footwear,Shoes,Sports Shoes,Olive,Fall,2011.0,Sports,Nike Men Air Max Conquer ACG Olive Sports Boot,22732.jpg
46799,Women,Footwear,Shoes,Sports Shoes,Grey,Summer,2012.0,Sports,Nike Women Grey Lunarglide Sports shoes,46799.jpg
5478,Men,Footwear,Shoes,Sports Shoes,White,Summer,2011.0,Sports,Nike Men's T-Lite Leather White Shoe,5478.jpg
57496,Men,Footwear,Shoes,Casual Shoes,Black,Fall,2012.0,Formal,Lee Cooper Men Black Shoes,57496.jpg
47088,Boys,Footwear,Flip Flops,Flip Flops,Blue,Winter,2013.0,Casual,Kids Ville Boys Blue Flip Flops,47088.jpg
19868,Women,Footwear,Flip Flops,Flip Flops,White,Fall,2011.0,Casual,ADIDAS Women Soft Striped White Flip Flops,19868.jpg
34532,Men,Footwear,Shoes,Formal Shoes,Black,Winter,2018.0,Formal,Red Tape Men Black Shoes,34532.jpg
44544,Men,Footwear,Sandal,Sandals,Black,Summer,2012.0,Casual,Coolers Men Black Sandals,44544.jpg
11953,Men,Footwear,Shoes,Casual Shoes,Beige,Summer,2012.0,Casual,Ganuchi Men Casual Beige Casual Shoes,11953.jpg
21741,Unisex,Footwear,Shoes,Casual Shoes,White,Fall,2011.0,Casual,Vans Unisex Authentic Lo Pro White Casual Shoes,21741.jpg
4644,Women,Footwear,Shoes,Sports Shoes,White,Summer,2011.0,Sports,ADIDAS Women Adi Primo Low White Silver Navy Shoe,4644.jpg
5904,Women,Footwear,Shoes,Casual Shoes,White,Summer,2011.0,Casual,Puma Women Cabana Racer White Shoe,5904.jpg
4472,Men,Footwear,Shoes,Sports Shoes,Silver,Summer,2011.0,Sports,Puma Men's Complete Itana Silver Blue Black Shoe,4472.jpg
39623,Men,Footwear,Shoes,Sports Shoes,White,Summer,2012.0,Sports,Nike Men Sports Shoes,39623.jpg
22872,Men,Footwear,Shoes,Casual Shoes,Brown,Summer,2012.0,Casual,Woodland Men Camel Casual Shoes,22872.jpg
5618,Women,Footwear,Shoes,Sports Shoes,White,Summer,2011.0,Sports,ADIDAS Women's Adi Montero White Shoe,5618.jpg
35529,Girls,Footwear,Sandal,Sandals,Orange,Summer,2012.0,Casual,Enroute Teens Orange Sandals,35529.jpg
8978,Women,Footwear,Shoes,Casual Shoes,Purple,Fall,2011.0,Casual,Puma Women Saba Ballet DC3 Purple Casual Shoes,8978.jpg
54108,Women,Footwear,Shoes,Heels,Beige,Winter,2012.0,Casual,Rocia Women Beige Flats,54108.jpg
7842,Women,Footwear,Shoes,Sports Shoes,Black,Fall,2011.0,Sports,Puma Women Osu NM Black Purple Shoe,7842.jpg
7816,Women,Footwear,Shoes,Casual Shoes,Black,Fall,2011.0,Casual,Puma Women Corsica Mid L Shine Black Grey Shoe,7816.jpg
39616,Women,Footwear,Shoes,Casual Shoes,Yellow,Winter,2015.0,Casual,Catwalk Women Yellow Shoes,39616.jpg
23822,Men,Footwear,Flip Flops,Flip Flops,Red,Summer,2012.0,Casual,Puma Men Breeze Red Flip Flops,23822.jpg
5702,Men,Footwear,Shoes,Casual Shoes,Black,Winter,2015.0,Casual,Skechers Men's Torino Black Shoe,5702.jpg
42689,Women,Footwear,Shoes,Flats,White,Winter,2012.0,Casual,Rocia Women White Sandals,42689.jpg
26673,Men,Footwear,Flip Flops,Flip Flops,Navy Blue,Summer,2012.0,Casual,Puma Men Triangle Navy Blue Flip Flops,26673.jpg
54139,Women,Footwear,Shoes,Heels,Brown,Winter,2012.0,Casual,Rocia Women Brown Heels,54139.jpg
5689,Men,Footwear,Shoes,Casual Shoes,Black,Winter,2015.0,Casual,Skechers Men's Liquid Roggers Black Shoe,5689.jpg
20754,Women,Footwear,Shoes,Heels,Black,Spring,2013.0,Casual,Carlton London Women Black Heels,20754.jpg
32855,Women,Footwear,Shoes,Heels,Beige,Winter,2012.0,Casual,Grendha Women Kall Ad Beige Flats,32855.jpg
49604,Women,Footwear,Shoes,Heels,Brown,Winter,2015.0,Casual,Catwalk Women Brown Heels,49604.jpg
42733,Women,Footwear,Shoes,Flats,Brown,Summer,2012.0,Casual,Rocia Women Brown Sandals,42733.jpg
39578,Women,Footwear,Shoes,Heels,Bronze,Winter,2015.0,Casual,Catwalk Women Bronze Heels,39578.jpg
16171,Men,Footwear,Shoes,Formal Shoes,Black,Fall,2011.0,Formal,Enroute Men Leather Black Formal Shoes,16171.jpg
22245,Men,Footwear,Shoes,Casual Shoes,Brown,Summer,2011.0,Casual,ID Men Brown Casual Shoes,22245.jpg
11874,Men,Footwear,Shoes,Formal Shoes,Black,Summer,2013.0,Casual,Franco Leone Men Casual Black Sandals,11874.jpg
24417,Men,Footwear,Shoes,Sports Shoes,Black,Summer,2012.0,Sports,ADIDAS Men KX TR Black Sports Shoes,24417.jpg
9196,Men,Footwear,Shoes,Sports Shoes,Silver,Fall,2011.0,Sports,Puma Men Axis Silver Sports Shoes,9196.jpg
7400,Men,Footwear,Shoes,Formal Shoes,Brown,Winter,2018.0,Formal,Red Tape Men Brown Shoes,7400.jpg
4663,Men,Footwear,Shoes,Sports Shoes,Black,Summer,2012.0,Sports,ADIDAS Men Elroy Low Black & Brown Shoes,4663.jpg
41446,Men,Footwear,Shoes,Casual Shoes,White,Fall,2012.0,Casual,Lee Cooper Men White Shoes,41446.jpg
35237,Men,Footwear,Shoes,Casual Shoes,Black,Fall,2012.0,Casual,Fortune Men Black Casual Shoes,35237.jpg
13374,Men,Footwear,Shoes,Casual Shoes,Brown,Fall,2011.0,Casual,Timberland Men Jeunes Brown Casual Shoes,13374.jpg
57487,Men,Footwear,Shoes,Casual Shoes,Brown,Summer,2012.0,Formal,Lee Cooper Men Brown Shoes,57487.jpg
45344,Women,Footwear,Shoes,Heels,Khaki,Summer,2016.0,Casual,Cobblerz Women Khaki Sandals,45344.jpg
15875,Unisex,Footwear,Flip Flops,Flip Flops,Blue,Fall,2011.0,Casual,Warner Bros Kids Unisex TJ Beach Slipper Blue Slippers,15875.jpg
4657,Women,Footwear,Shoes,Sports Shoes,White,Summer,2011.0,Sports,ADIDAS Women Sprint Speed Low White Blue Shoe,4657.jpg
42268,Women,Footwear,Shoes,Casual Shoes,Red,Summer,2012.0,Casual,Vans Women Red Authentic Shoes,42268.jpg
4573,Women,Footwear,Shoes,Sports Shoes,Black,Summer,2011.0,Sports,Nike Women Gls Black Shoe,4573.jpg
14419,Women,Footwear,Shoes,Heels,Gold,Summer,2012.0,Casual,Enroute Women Casual Gold Flats,14419.jpg
34841,Men,Footwear,Shoes,Sports Shoes,White,Fall,2012.0,Sports,ADIDAS Men Duramo 4 Lea White Sports Shoes,34841.jpg
5917,Women,Footwear,Shoes,Casual Shoes,Silver,Summer,2011.0,Casual,ADIDAS Women's Agashae Silver Shoe,5917.jpg
7254,Men,Footwear,Shoes,Formal Shoes,Brown,Fall,2011.0,Formal,Rockport Men's Bindu India Medium Brown Shoe,7254.jpg
47099,Boys,Footwear,Shoes,Casual Shoes,Blue,Summer,2012.0,Casual,Marvel Boys Red Shoes,47099.jpg
15286,Men,Footwear,Shoes,Casual Shoes,White,Winter,2012.0,Casual,Fila Men White Mercury Casual Shoes,15286.jpg
9039,Men,Footwear,Shoes,Formal Shoes,Black,Winter,2011.0,Formal,Buckaroo Men Victor Black Formal Shoes,9039.jpg
59015,Men,Footwear,Shoes,Sports Shoes,Grey,Summer,2012.0,Sports,Skechers Men Grey Sports Shoes,59015.jpg
10639,Men,Footwear,Shoes,Casual Shoes,Black,Fall,2011.0,Casual,Nike Men Nike Capri II Black Casual Shoes,10639.jpg
56406,Women,Footwear,Shoes,Flats,Maroon,Winter,2012.0,Casual,Rocia Women Maroon & Black Sandals,56406.jpg
12485,Men,Footwear,Sandal,Sandals,Brown,Fall,2012.0,Casual,Clarks Men Leather Brown Sandals,12485.jpg
18401,Men,Footwear,Sandal,Sandals,Brown,Fall,2011.0,Casual,Skechers Men USA Brown Sandals,18401.jpg
6133,Men,Footwear,Shoes,Casual Shoes,Black,Summer,2011.0,Casual,Puma Men's Commander White Black Shoe,6133.jpg
43237,Men,Footwear,Shoes,Casual Shoes,Navy Blue,Summer,2012.0,Casual,Reebok Men Navy Blue Varsity Casual Shoes,43237.jpg
58231,Women,Footwear,Flip Flops,Flip Flops,Black,Summer,2012.0,Casual,Lotto Women Black Flip Flops,58231.jpg
41475,Men,Footwear,Shoes,Formal Shoes,Black,Winter,2012.0,Formal,Carlton London Men Black Formal Shoes,41475.jpg
34075,Women,Footwear,Shoes,Heels,White,Fall,2012.0,Formal,Clarks Women Henderson Toy Bone Leather White Flats,34075.jpg
32840,Women,Footwear,Shoes,Heels,Blue,Winter,2012.0,Casual,Grendha Women Jola Cigana Blue Flats,32840.jpg
6459,Women,Footwear,Flip Flops,Flip Flops,Blue,Summer,2011.0,Casual,Lotto Women's Juicy Blue Flip Flop,6459.jpg
28316,Men,Footwear,Shoes,Casual Shoes,Black,Winter,2018.0,Casual,Red Tape Men Black Shoes,28316.jpg
17484,Men,Footwear,Shoes,Casual Shoes,Tan,Fall,2011.0,Casual,Enroute Men Casual Tan Casual Shoe,17484.jpg
23930,Men,Footwear,Shoes,Casual Shoes,Black,Fall,2011.0,Casual,Lotto Men Black Futura 500 TF Casual Shoes,23930.jpg
13178,Men,Footwear,Shoes,Sports Shoes,White,Fall,2011.0,Sports,FILA Men Dls Nitrous White Sports Shoes,13178.jpg
21733,Women,Footwear,Shoes,Heels,Brown,Winter,2015.0,Casual,Catwalk Women Casual Brown Flats,21733.jpg
5686,Men,Footwear,Shoes,Casual Shoes,Black,Winter,2015.0,Casual,Skechers Men Regions Black Shoe,5686.jpg
31956,Men,Footwear,Shoes,Sports Shoes,Black,Summer,2012.0,Sports,Nike Men Air Ring Leader Low Black Sports Shoes,31956.jpg
5896,Men,Footwear,Shoes,Casual Shoes,Black,Summer,2011.0,Casual,Puma Men Cavallino Black Shoe,5896.jpg
29265,Men,Footwear,Shoes,Sports Shoes,Blue,Summer,2012.0,Sports,ADIDAS Men Adizero Blue Sports Shoes,29265.jpg
24628,Men,Footwear,Shoes,Formal Shoes,Black,Fall,2011.0,Formal,Arrow Men Black Formal Shoes,24628.jpg
56978,Women,Footwear,Shoes,Flats,Black,Winter,2012.0,Casual,HM Women Black Sandals,56978.jpg
6386,Men,Footwear,Shoes,Sports Shoes,White,Summer,2011.0,Sports,Puma Men Route Ducati White Shoe,6386.jpg
3177,Women,Footwear,Shoes,Sports Shoes,White,Summer,2011.0,Sports,Nike Women Dual Fusion White Green Shoe,3177.jpg
8911,Unisex,Footwear,Shoes,Casual Shoes,Red,Fall,2011.0,Casual,Puma Unisex Suede Archive NM Team Regal Red Red Shoe,8911.jpg
45598,Men,Footwear,Shoes,Formal Shoes,Black,Summer,2013.0,Formal,Arrow Men Black Formal Shoes,45598.jpg
7971,Men,Footwear,Sandal,Sports Sandals,Grey,Winter,2012.0,Casual,Fila Men Grey & Black Aqua Grippare Sports Sandals,7971.jpg
22254,Women,Footwear,Shoes,Flats,Black,Fall,2011.0,Casual,Inc. 5 Women Casual Black Sandals,22254.jpg
24726,Men,Footwear,Shoes,Casual Shoes,Off White,Fall,2011.0,Casual,United Colors of Benetton Men Classic Sneakers Off White Casual Shoes,24726.jpg
20807,Men,Footwear,Shoes,Sports Shoes,Blue,Summer,2010.0,Sports,Fila Men DNA Tech Blue Sports Shoes,20807.jpg
21719,Women,Footwear,Shoes,Heels,White,Winter,2015.0,Casual,Catwalk Women Casual White Heels,21719.jpg
39683,Men,Footwear,Shoes,Sports Shoes,White,Summer,2012.0,Sports,Lotto Men White Sports Shoe,39683.jpg
16975,Men,Footwear,Sandal,Sandals,Grey,Fall,2011.0,Casual,Puma Men Rover Grey Sandal,16975.jpg
19903,Unisex,Footwear,Shoes,Casual Shoes,Black,Fall,2013.0,Casual,Converse Unisex AS Canvas OX Black Casual Shoes,19903.jpg
36957,Men,Footwear,Shoes,Sports Shoes,White,Summer,2012.0,Sports,Force 10 Men White Sports Shoes,36957.jpg
35688,Men,Footwear,Shoes,Casual Shoes,Black,Summer,2013.0,Casual,U.S. Polo Assn. Men Black Shoes,35688.jpg
41686,Women,Footwear,Shoes,Flats,Black,Winter,2015.0,Casual,Catwalk Women Black Flats,41686.jpg
47647,Men,Footwear,Shoes,Formal Shoes,Black,Winter,2012.0,Formal,Carlton London Men Black Formal Shoes,47647.jpg
39944,Men,Footwear,Shoes,Casual Shoes,Grey,Summer,2013.0,Casual,GAS Men Grey Namib Shoes,39944.jpg
12888,Men,Footwear,Shoes,Sports Shoes,White,Fall,2011.0,Sports,Reebok Men Hex Express LP White Sports Shoes,12888.jpg
15896,Girls,Footwear,Sandal,Sandals,Pink,Winter,2012.0,Casual,Warner Bros Kids Girls TW Love flops Pink Slippers,15896.jpg
5939,Women,Footwear,Shoes,Casual Shoes,White,Summer,2011.0,Casual,ADIDAS Women's Agashae White Shoe,5939.jpg
17045,Men,Footwear,Sandal,Sandals,Brown,Spring,2013.0,Casual,Gas Men Aventura Sandal,17045.jpg
53723,Women,Footwear,Flip Flops,Flip Flops,White,Summer,2010.0,Casual,ADIDAS Women White Flip Flops,53723.jpg
16150,Men,Footwear,Shoes,Formal Shoes,Brown,Fall,2011.0,Formal,Enroute Men Leather Brown Formal Shoes,16150.jpg
16974,Men,Footwear,Sandal,Sandals,Navy Blue,Fall,2011.0,Casual,Puma Men Cooper Navy Blue Sandal,16974.jpg
41716,Women,Footwear,Shoes,Heels,White,Winter,2012.0,Casual,Catwalk Women White Wedges,41716.jpg
39248,Men,Footwear,Shoes,Casual Shoes,Olive,Winter,2018.0,Casual,Red Chief Men Olive Shoes,39248.jpg
2542,Men,Footwear,Flip Flops,Flip Flops,Black,Summer,2011.0,Casual,Numero Uno Men's Casual Black Flip Flop,2542.jpg
35802,Women,Footwear,Shoes,Heels,Mustard,Summer,2012.0,Casual,Enroute Women Mustard Flats,35802.jpg
26613,Men,Footwear,Shoes,Sports Shoes,Grey,Summer,2012.0,Sports,Puma Men Complete Itana 2 Grey Sports Shoes,26613.jpg
6163,Men,Footwear,Flip Flops,Flip Flops,White,Summer,2011.0,Casual,ADIDAS Men's Tread Flip Flop,6163.jpg
49511,Men,Footwear,Shoes,Casual Shoes,Grey,Summer,2012.0,Casual,Vans Men Grey Shoes,49511.jpg
26638,Men,Footwear,Shoes,Casual Shoes,Red,Summer,2012.0,Casual,Puma Men Drift Red Casual Shoes,26638.jpg
10620,Women,Footwear,Flip Flops,Flip Flops,Gold,Fall,2011.0,Casual,Carlton London Women Casual Gold Slippers,10620.jpg
40452,Men,Footwear,Shoes,Formal Shoes,Brown,Winter,2018.0,Formal,Red Tape Men Brown Formal Shoes,40452.jpg
4025,Unisex,Footwear,Shoes,Casual Shoes,Red,Summer,2011.0,Casual,ADIDAS Unisex High Can Red Black Shoe,4025.jpg
12994,Boys,Footwear,Shoes,Sports Shoes,Black,Fall,2011.0,Sports,ADIDAS Kids Boys Duramo Synthetic Black Sports Shoes,12994.jpg
54103,Women,Footwear,Shoes,Heels,Black,Winter,2012.0,Casual,Rocia Women Black Flats,54103.jpg
35625,Men,Footwear,Sandal,Sandals,Black,Summer,2013.0,Casual,Gliders Men Black Sandals,35625.jpg
44933,Men,Footwear,Sandal,Sandals,Brown,Fall,2012.0,Casual,Ganuchi Men Brown Sandals,44933.jpg
26527,Men,Footwear,Shoes,Casual Shoes,Red,Spring,2013.0,Casual,Gas Men Freetime Red Casual Shoes,26527.jpg
53453,Women,Footwear,Shoes,Flats,Grey,Winter,2015.0,Casual,Catwalk Women Grey Casual Shoes,53453.jpg
3311,Women,Footwear,Shoes,Sports Shoes,Silver,Spring,2011.0,Sports,Asics Women Gel Cushioning Running Silver Blue Shoe,3311.jpg
15250,Men,Footwear,Shoes,Casual Shoes,Red,Fall,2011.0,Casual,ADIDAS Originals Men SL 72 Red Casual Shoes,15250.jpg
17707,Unisex,Footwear,Shoes,Casual Shoes,Black,Fall,2011.0,Casual,Vans unisex Classic Slip-On Black Casual Shoes,17707.jpg
57001,Women,Footwear,Shoes,Flats,Black,Winter,2012.0,Casual,HM Women Black Sandals,57001.jpg
32408,Unisex,Footwear,Flip Flops,Flip Flops,Red,Summer,2012.0,Casual,Converse Unisex Check Box Red Flip Flops,32408.jpg
45623,Men,Footwear,Shoes,Casual Shoes,Brown,Winter,2018.0,Casual,Red Tape Men Brown Shoes,45623.jpg
18420,Women,Footwear,Shoes,Sports Shoes,White,Summer,2012.0,Sports,Skechers Women Shape-Ups White Shoe,18420.jpg
34727,Women,Footwear,Shoes,Sports Shoes,Black,Fall,2012.0,Sports,Puma Women Axis XT Wn s Black Sports Shoes,34727.jpg
47228,Men,Footwear,Shoes,Formal Shoes,Brown,Winter,2012.0,Formal,Franco Leone Men Dark Brown Formal Shoes,47228.jpg
20683,Men,Footwear,Shoes,Casual Shoes,Brown,Winter,2012.0,Casual,Buckaroo Men Nieves Brown Casual Shoes,20683.jpg
46094,Men,Footwear,Sandal,Sandals,Grey,Summer,2012.0,Casual,ADIDAS Men Grey Climacool Cayoosh Sandals,46094.jpg
5470,Men,Footwear,Shoes,Sports Shoes,Black,Summer,2011.0,Sports,Nike Men's Dunk Low Black Shoe,5470.jpg
6446,Men,Footwear,Shoes,Casual Shoes,Grey,Summer,2011.0,Casual,Lotto Men's Calcetto Grey Shoe,6446.jpg
22704,Men,Footwear,Shoes,Casual Shoes,White,Fall,2011.0,Casual,Nike Men Capri II Mid White Casual Shoes,22704.jpg
11831,Men,Footwear,Shoes,Casual Shoes,Brown,Summer,2013.0,Casual,Playboy Men Casual Brown Casual Shoes,11831.jpg
11947,Men,Footwear,Sandal,Sandals,Olive,Summer,2012.0,Casual,Ganuchi Men Casual Olive Sandals,11947.jpg
4437,Unisex,Footwear,Shoes,Casual Shoes,White,Summer,2011.0,Casual,Converse Unisex Strips White Black Canvas Shoe,4437.jpg
17687,Women,Footwear,Shoes,Heels,White,Winter,2015.0,Casual,Catwalk Women Classic White Heels,17687.jpg
12924,Men,Footwear,Sandal,Sandals,Black,Spring,2012.0,Casual,iD Men Casual Black Sandals,12924.jpg
9384,Men,Footwear,Shoes,Sports Shoes,White,Fall,2011.0,Sports,Nike Men Nike Backboard Grey Sports Shoes,9384.jpg
35486,Men,Footwear,Shoes,Sports Shoes,White,Winter,2015.0,Casual,Bata Men Tennis White Sports Shoes,35486.jpg
53633,Men,Footwear,Shoes,Casual Shoes,Olive,Summer,2010.0,Casual,ADIDAS Men Olive Shoes,53633.jpg
41436,Men,Footwear,Shoes,Sports Shoes,White,Fall,2012.0,Casual,Lee Cooper Men Black & White Sports Shoes,41436.jpg
36485,Men,Footwear,Shoes,Casual Shoes,Black,Summer,2012.0,Casual,Spinn Men Newport Black Shoes,36485.jpg
53734,Men,Footwear,Shoes,Casual Shoes,Grey,Summer,2012.0,Casual,Puma Men Grey Vintage Ferrari Shoes,53734.jpg
24419,Men,Footwear,Shoes,Sports Shoes,White,Summer,2012.0,Sports,ADIDAS Men Barracks Premier White Sports Shoes,24419.jpg
41742,Women,Footwear,Shoes,Flats,Brown,Winter,2015.0,Casual,Catwalk Women Brown Sandals,41742.jpg
2633,Men,Footwear,Shoes,Heels,Black,Summer,2010.0,Smart Casual,Carlton London Men Black Leather Casual Shoes.,2633.jpg
35725,Men,Footwear,Shoes,Sports Shoes,Beige,Summer,2012.0,Sports,Force 10 Men Beige Sports Shoes,35725.jpg
23249,Men,Footwear,Shoes,Formal Shoes,Black,Fall,2011.0,Formal,Arrow Men Formal Black Shoes,23249.jpg
13014,Women,Footwear,Shoes,Heels,Black,Winter,2012.0,Casual,Inc 5 Women Casual Black Heels,13014.jpg
9202,Men,Footwear,Shoes,Casual Shoes,Red,Fall,2011.0,Casual,Puma Men Yacht L Red Casual Shoes,9202.jpg
13144,Women,Footwear,Shoes,Heels,Black,Winter,2012.0,Casual,Inc 5 Women Casual Black Heels,13144.jpg
57511,Men,Footwear,Shoes,Casual Shoes,Brown,Fall,2012.0,Casual,Provogue Men Brown Casual Shoes,57511.jpg
20784,Women,Footwear,Shoes,Flats,Black,Summer,2011.0,Casual,Carlton London Women Classy Black Sandals,20784.jpg
41834,Men,Footwear,Shoes,Casual Shoes,Black,Spring,2013.0,Casual,Skechers Men Black Shoes,41834.jpg
13901,Men,Footwear,Shoes,Casual Shoes,Black,Fall,2011.0,Casual,Nike Men Sweet Classic High Black Casual Shoes,13901.jpg
15716,Women,Footwear,Shoes,Sports Shoes,Grey,Fall,2011.0,Sports,Nike Women Lunarfly+ 2 Grey Sports Shoes,15716.jpg
16972,Men,Footwear,Sandal,Sandals,Black,Fall,2011.0,Casual,Puma Men Cooper Black Sandal,16972.jpg
46822,Women,Footwear,Shoes,Heels,Multi,Winter,2015.0,Casual,Catwalk Women Multicoloured Heels,46822.jpg
13079,Men,Footwear,Shoes,Casual Shoes,White,Fall,2011.0,Casual,Numero Uno Men White Casual Shoes,13079.jpg
18601,Men,Footwear,Sandal,Sandals,Black,Fall,2011.0,Sports,Puma Men Black Roque Sandals,18601.jpg
39987,Men,Footwear,Shoes,Casual Shoes,Blue,Spring,2013.0,Casual,Gas Men Europa Blue Shoes,39987.jpg
13640,Women,Footwear,Shoes,Flats,Purple,Winter,2012.0,Casual,Carlton London Women Purple Flat Shoes,13640.jpg
7729,Men,Footwear,Shoes,Casual Shoes,Black,Fall,2011.0,Casual,Puma Men's 917 Mid Funpack Black Yellow White Shoe,7729.jpg
10279,Men,Footwear,Shoes,Casual Shoes,Black,Fall,2012.0,Casual,Clarks Men Nature Easy Leather Black Casual Shoes,10279.jpg
35418,Men,Footwear,Shoes,Formal Shoes,Black,Summer,2012.0,Formal,Enroute Men Black Formal Shoes,35418.jpg
47622,Women,Footwear,Shoes,Heels,Brown,Fall,2014.0,Casual,Portia Women Brown Flats,47622.jpg
13275,Women,Footwear,Shoes,Heels,Gold,Winter,2012.0,Casual,Inc 5 Women Casual Gold Heels,13275.jpg
56898,Women,Footwear,Shoes,Heels,Gold,Winter,2012.0,Casual,HM Women Golden Heels,56898.jpg
15847,Unisex,Footwear,Sandal,Sandals,Blue,Fall,2011.0,Casual,Warner Bros Kids Unisex SD Fly Clog Blue Sandals,15847.jpg
19124,Women,Footwear,Flip Flops,Flip Flops,Pink,Fall,2011.0,Casual,Lotto Women XL Kelly Pink Slippers,19124.jpg
13115,Men,Footwear,Shoes,Casual Shoes,Black,Fall,2011.0,Casual,Numero Uno Men Casual Black Casual Shoes,13115.jpg
44537,Men,Footwear,Sandal,Sandals,Black,Summer,2012.0,Casual,Coolers Men Black Sandals,44537.jpg
13991,Women,Footwear,Shoes,Sports Shoes,Black,Fall,2011.0,Sports,Puma Women Body Train Black Sports Shoes,13991.jpg
55612,Men,Footwear,Shoes,Formal Shoes,Black,Summer,2012.0,Casual,Numero Uno Men Black Shoes,55612.jpg
13138,Men,Footwear,Shoes,Casual Shoes,Blue,Fall,2012.0,Casual,iD Men Blue Casual Shoes,13138.jpg
55615,Men,Footwear,Shoes,Casual Shoes,Black,Summer,2012.0,Casual,Numero Uno Men Black Shoes,55615.jpg
12863,Men,Footwear,Shoes,Formal Shoes,Black,Spring,2012.0,Formal,Lee Cooper Men Black Formal Shoes,12863.jpg
35635,Men,Footwear,Flip Flops,Flip Flops,Black,Summer,2012.0,Casual,Gliders Men Black Flip Flops,35635.jpg
4179,Men,Footwear,Shoes,Formal Shoes,Black,Summer,2011.0,Formal,Rockport Men's Tyson Black Shoe,4179.jpg
50783,Women,Footwear,Shoes,Heels,Black,Winter,2015.0,Casual,Clarks Women Black Onslow Beat Leather Wedges,50783.jpg
31828,Men,Free Items,Free Gifts,Free Gifts,Silver,Winter,2016.0,Casual,Titan Men Off White Dial Watch,31828.jpg
45928,Men,Free Items,Free Gifts,Free Gifts,Black,Winter,2016.0,Casual,Maxima Men Black Dial Watch,45928.jpg
53627,Men,Free Items,Free Gifts,Free Gifts,White,Winter,2016.0,Casual,Q&Q Men White Dial Watch,53627.jpg
53566,Unisex,Free Items,Free Gifts,Free Gifts,White,Winter,2016.0,Casual,Q&Q Kids Unisex White Dial Watch,53566.jpg
44963,Men,Free Items,Free Gifts,Free Gifts,Gold,Winter,2016.0,Casual,Maxima Men Gold Dial Watch,44963.jpg
29990,Women,Free Items,Free Gifts,Free Gifts,Black,Winter,2016.0,Casual,Aspen Women Black Dial Watch,29990.jpg
51075,Women,Free Items,Free Gifts,Free Gifts,Cream,Summer,2012.0,Ethnic,Satya Paul Cream and Brown Saree,51075.jpg
29982,Women,Free Items,Free Gifts,Free Gifts,White,Winter,2016.0,Casual,Aspen Women White Dial Watch,29982.jpg
15349,Men,Free Items,Free Gifts,Free Gifts,Blue,Winter,2012.0,Sports,Nike Men Blue Team India Cricket Jersey,15349.jpg
53598,Men,Free Items,Free Gifts,Free Gifts,Black,Winter,2016.0,Sports,Q&Q Men Black Digital Watch,53598.jpg
49718,Men,Free Items,Free Gifts,Ties,Red,Summer,2012.0,Formal,Park Avenue Red Checked Tie,49718.jpg
57457,Women,Free Items,Free Gifts,Free Gifts,Mustard,Summer,2015.0,Casual,Pitaraa Women Mustard Clutch,57457.jpg
44966,Men,Free Items,Free Gifts,Free Gifts,Gold,Winter,2016.0,Casual,Maxima Men Gold Dial Watch,44966.jpg
45279,Women,Free Items,Free Gifts,Free Gifts,Orange,Summer,2015.0,Casual,Lino Perros Women Orange Wallet,45279.jpg
29448,Men,Free Items,Free Gifts,Free Gifts,Black,Winter,2016.0,Casual,Giordano Men Black Dial Watch,29448.jpg
53596,Men,Free Items,Free Gifts,Free Gifts,Navy Blue,Winter,2016.0,Casual,Q&Q Men Navy Blue Digital Watch,53596.jpg
28365,Men,Free Items,Free Gifts,Free Gifts,Brown,Winter,2016.0,Casual,IDEE Men Brown Sunglasses,28365.jpg
51077,Women,Free Items,Free Gifts,Free Gifts,Yellow,Summer,2012.0,Ethnic,Satya Paul Yellow Saree,51077.jpg
51090,Women,Free Items,Free Gifts,Free Gifts,Red,Summer,2012.0,Ethnic,Satya Paul Red & Grey Saree,51090.jpg
28367,Men,Free Items,Free Gifts,Free Gifts,Black,Winter,2016.0,Casual,IDEE Men Steel Sunglasses,28367.jpg
45824,Women,Free Items,Vouchers,Ipad,Blue,Summer,2012.0,Casual,Senorita Women Blue Flats,45824.jpg
29983,Women,Free Items,Free Gifts,Free Gifts,White,Winter,2016.0,Casual,Aspen Women White Dial Watch,29983.jpg
51126,Women,Free Items,Free Gifts,Free Gifts,Pink,Summer,2012.0,Ethnic,Satya Paul Pink Saree,51126.jpg
43294,Women,Free Items,Free Gifts,Free Gifts,Maroon,Summer,2015.0,Casual,Murcia Women Maroon Elektra Sling Bag,43294.jpg
16943,Women,Free Items,Free Gifts,Free Gifts,Black,Winter,2016.0,Casual,Image Women Black Sunglasses,16943.jpg
53617,Unisex,Free Items,Free Gifts,Free Gifts,Black,Winter,2016.0,Casual,Q&Q Unisex Black Digital Watch,53617.jpg
50234,Women,Free Items,Free Gifts,Free Gifts,White,Summer,2017.0,Casual,Stoln Women White Sunglasses,50234.jpg
33637,Men,Free Items,Free Gifts,Free Gifts,White,Winter,2016.0,Casual,Timex Men White Dial Watch,33637.jpg
30084,Men,Free Items,Free Gifts,Free Gifts,Black,Winter,2016.0,Casual,Ed Hardy Men Black & Green Dial Watch,30084.jpg
54970,Women,Free Items,Free Gifts,Free Gifts,Pink,Spring,2017.0,Casual,Rasasi Women Body Lotion,54970.jpg
47341,Women,Free Items,Free Gifts,Handbags,Black,Summer,2010.0,Casual,Baggit Black Sling Bag,47341.jpg
53599,Men,Free Items,Free Gifts,Free Gifts,Black,Winter,2016.0,Sports,Q&Q Men Black Digital Watch,53599.jpg
51081,Women,Free Items,Free Gifts,Free Gifts,Yellow,Summer,2012.0,Ethnic,Satya Paul Yellow & Black Saree,51081.jpg
25088,Men,Free Items,Free Gifts,Wallets,Black,Summer,2015.0,Casual,Lino Perros Men Leather Black Wallet,25088.jpg
57600,Women,Free Items,Free Gifts,Free Gifts,Purple,Spring,2017.0,Casual,Lotus Herbals Moistpetals Royal Plum Lipstick 116,57600.jpg
28353,Men,Free Items,Free Gifts,Free Gifts,Black,Winter,2016.0,Casual,IDEE Men Black Sunglasses,28353.jpg
52676,Women,Free Items,Free Gifts,Free Gifts,White,Winter,2016.0,Casual,Morellato Women White Dial Watch,52676.jpg
38324,Unisex,Free Items,Free Gifts,Free Gifts,Blue,Summer,2012.0,Casual,Puma Unisex Blue Backpack,38324.jpg
16937,Women,Free Items,Free Gifts,Free Gifts,Red,Winter,2016.0,Casual,Image Women Sunglasses,16937.jpg
51078,Women,Free Items,Free Gifts,Free Gifts,Cream,Summer,2012.0,Ethnic,Satya Paul Cream & Grey Saree,51078.jpg
50306,Men,Free Items,Free Gifts,Ties,Red,Summer,2012.0,Formal,Park Avenue Red Patterned Tie,50306.jpg
51118,Women,Free Items,Free Gifts,Free Gifts,Green,Summer,2012.0,Ethnic,Satya Paul Green Saree,51118.jpg
53618,Unisex,Free Items,Free Gifts,Free Gifts,Black,Winter,2016.0,Casual,Q&Q Unisex Black Digital Watch,53618.jpg
51079,Women,Free Items,Free Gifts,Free Gifts,Blue,Summer,2012.0,Ethnic,Satya Paul Blue Saree,51079.jpg
29981,Women,Free Items,Free Gifts,Free Gifts,Blue,Winter,2016.0,Casual,Aspen Women Blue Dial Watch,29981.jpg
44964,Men,Free Items,Free Gifts,Free Gifts,White,Winter,2016.0,Casual,Maxima Men White Dial Watch,44964.jpg
51115,Women,Free Items,Free Gifts,Free Gifts,Magenta,Summer,2012.0,Ethnic,Satya Paul Magenta Saree,51115.jpg
43286,Women,Free Items,Free Gifts,Free Gifts,Maroon,Summer,2015.0,Casual,Murcia Women Maroon Satchel,43286.jpg
10595,Women,Free Items,Free Gifts,Free Gifts,Grey,Winter,2016.0,Casual,Esprit Women Cascade Grey Dial Watch,10595.jpg
15658,Unisex,Free Items,Free Gifts,Free Gifts,Blue,Winter,2016.0,Casual,Belkin Unisex Simple Messenger Blue Handbags,15658.jpg
49706,Men,Free Items,Free Gifts,Free Gifts,Blue,Summer,2012.0,Casual,Park Avenue Men Blue Printed Tie,49706.jpg
51135,Men,Free Items,Free Gifts,Free Gifts,Black,Summer,2012.0,Casual,Park Avenue Men Black Socks,51135.jpg
39031,Men,Free Items,Free Gifts,Free Gifts,White,Winter,2016.0,Casual,Casio G-SHOCK GD-100WW-7DR,39031.jpg
25140,Women,Free Items,Free Gifts,Clutches,Metallic,Summer,2016.0,Party,Lino Perros Gunmetal-Toned Clutch,25140.jpg
18434,Women,Free Items,Free Gifts,Laptop Bag,Purple,Summer,2015.0,Casual,Vital Gear Women Purple Laptop Bag,18434.jpg
45301,Men,Free Items,Free Gifts,Free Gifts,Black,Summer,2012.0,Formal,Van Heusen Men Black & Brown Reversible Belt,45301.jpg
45894,Men,Free Items,Free Gifts,Free Gifts,Black,Winter,2016.0,Casual,Maxima Men Black Dial Watch,45894.jpg
43285,Women,Free Items,Free Gifts,Backpacks,Black,Summer,2016.0,Casual,Murcia Women Black Backpack,43285.jpg
44965,Men,Free Items,Free Gifts,Free Gifts,White,Winter,2016.0,Casual,Maxima Men White Dial Watch,44965.jpg
51091,Women,Free Items,Free Gifts,Free Gifts,Green,Summer,2012.0,Ethnic,Satya Paul Green Saree,51091.jpg
51108,Women,Free Items,Free Gifts,Free Gifts,Blue,Summer,2012.0,Ethnic,Satya Paul Blue Saree,51108.jpg
29975,Women,Free Items,Free Gifts,Free Gifts,Black,Winter,2016.0,Casual,Aspen Women Black Dial Watch,29975.jpg
51124,Women,Free Items,Free Gifts,Free Gifts,Charcoal,Summer,2012.0,Ethnic,Satya Paul Charcoal Saree,51124.jpg
53579,Men,Free Items,Free Gifts,Free Gifts,Blue,Winter,2016.0,Casual,Q&Q Men Blue Dial Watch,53579.jpg
51073,Women,Free Items,Free Gifts,Free Gifts,Olive,Summer,2012.0,Ethnic,Satya Paul Olive Saree,51073.jpg
49737,Men,Free Items,Free Gifts,Ties,Blue,Summer,2012.0,Formal,Park Avenue Blue Paisley Pattern Tie,49737.jpg
45004,Men,Free Items,Free Gifts,Free Gifts,Black,Winter,2016.0,Casual,Maxima Men Scuba Digital Watch,45004.jpg
53568,Unisex,Free Items,Free Gifts,Free Gifts,White,Winter,2016.0,Casual,Q&Q Kids Unisex White Dial Watch,53568.jpg
53619,Unisex,Free Items,Free Gifts,Free Gifts,Blue,Winter,2016.0,Casual,Q&Q Unisex Blue Digital Watch,53619.jpg
29985,Women,Free Items,Free Gifts,Free Gifts,Black,Winter,2016.0,Casual,Aspen Women Black Dial Watch,29985.jpg
54969,Men,Free Items,Free Gifts,Free Gifts,Black,Spring,2017.0,Casual,Rasasi Men Dynamic Energy Deo,54969.jpg
36764,Men,Free Items,Free Gifts,Free Gifts,Green,Winter,2016.0,Casual,Maxima Men Green Dial Watch,36764.jpg
54967,Men,Free Items,Free Gifts,Free Gifts,Black,Spring,2017.0,Casual,Rasasi Men Olympic Flame Deo,54967.jpg
44969,Men,Free Items,Free Gifts,Free Gifts,Gold,Winter,2016.0,Casual,Maxima Men Gold Dial Watch,44969.jpg
43540,Men,Free Items,Free Gifts,Free Gifts,White,Winter,2016.0,Casual,Timex Men White Dial Watch,43540.jpg
53567,Unisex,Free Items,Free Gifts,Free Gifts,White,Winter,2016.0,Casual,Q&Q Kids Unisex White Dial Watch,53567.jpg
51092,Women,Free Items,Free Gifts,Free Gifts,Black,Summer,2012.0,Ethnic,Satya Paul Black and White Saree,51092.jpg
44992,Men,Free Items,Free Gifts,Free Gifts,Black,Winter,2016.0,Casual,Maxima Men Digital Multifunction Watch,44992.jpg
23482,Men,Free Items,Free Gifts,Scarves,Black,Summer,2012.0,Casual,Arrow Men Black & White Scarf,23482.jpg
49747,Men,Free Items,Free Gifts,Free Gifts,Red,Summer,2012.0,Casual,Park Avenue Men Red Printed Broad Tie,49747.jpg
51084,Women,Free Items,Free Gifts,Free Gifts,Blue,Summer,2012.0,Ethnic,Satya Paul Blue Saree,51084.jpg
51088,Women,Free Items,Free Gifts,Free Gifts,White,Summer,2012.0,Ethnic,Satya Paul White Saree,51088.jpg
36763,Men,Free Items,Free Gifts,Free Gifts,Green,Winter,2016.0,Casual,Maxima Men Green Dial Watch,36763.jpg
37701,Unisex,Free Items,Free Gifts,Backpacks,Blue,Summer,2015.0,Casual,AMERICAN TOURISTER Unisex Blue Printed Backpack,37701.jpg
36777,Men,Free Items,Free Gifts,Free Gifts,White,Winter,2016.0,Casual,Maxima Men White Dial Watch,36777.jpg
44962,Men,Free Items,Free Gifts,Free Gifts,Black,Winter,2016.0,Casual,Maxima Men Black Watch,44962.jpg
57264,Women,Free Items,Free Gifts,Free Gifts,Black,Summer,2015.0,Casual,Murcia Women Black Handbag,57264.jpg
54968,Men,Free Items,Free Gifts,Free Gifts,Black,Spring,2017.0,Casual,Rasasi Men Skill Power Deo,54968.jpg
49696,Men,Free Items,Free Gifts,Ties,Blue,Summer,2012.0,Formal,Park Avenue Blue Patterned Tie,49696.jpg
53592,Men,Free Items,Free Gifts,Free Gifts,White,Winter,2016.0,Casual,Q&Q Men White Dial Watch,53592.jpg
51119,Women,Free Items,Free Gifts,Free Gifts,Purple,Summer,2012.0,Ethnic,Satya Paul Purple Saree,51119.jpg
53591,Men,Free Items,Free Gifts,Free Gifts,White,Winter,2016.0,Casual,Q&Q Men White Dial Watch,53591.jpg
49717,Men,Free Items,Free Gifts,Ties,Black,Summer,2012.0,Formal,Park Avenue Black & Red Checked Tie,49717.jpg
48331,Women,Free Items,Free Gifts,Free Gifts,Bronze,Summer,2015.0,Casual,Pitaraa Women Bronze Clutch,48331.jpg
30029,Men,Free Items,Free Gifts,Free Gifts,White,Winter,2016.0,Casual,Kenneth Cole Men White Dial Watch,30029.jpg
29455,Men,Free Items,Free Gifts,Free Gifts,Black,Winter,2016.0,Casual,Giordano Men Black Dial Watch,29455.jpg
44968,Men,Free Items,Free Gifts,Free Gifts,Black,Winter,2016.0,Casual,Maxima Men Black Dial Watch,44968.jpg
11212,Men,Free Items,Free Gifts,Free Gifts,Steel,Winter,2016.0,Casual,ESPRIT Men Corso Silver Watch,11212.jpg
53623,Men,Free Items,Free Gifts,Free Gifts,Black,Winter,2016.0,Casual,Q&Q Men Black Watch,53623.jpg
44975,Men,Free Items,Free Gifts,Free Gifts,Silver,Winter,2016.0,Casual,Maxima Men Silver Dial Watch,44975.jpg
28347,Men,Free Items,Free Gifts,Free Gifts,Black,Winter,2016.0,Casual,IDEE Men Black Sunglasses,28347.jpg
29461,Women,Free Items,Free Gifts,Free Gifts,White,Winter,2016.0,Casual,Giordano Women White Dial Watch,29461.jpg
28422,Men,Free Items,Free Gifts,Free Gifts,Brown,Winter,2016.0,Casual,IDEE Men Brown Sunglasses,28422.jpg
38437,Women,Free Items,Free Gifts,Handbags,Purple,Summer,2010.0,Casual,Baggit Purple Sling Bag,38437.jpg
36346,Men,Free Items,Free Gifts,Free Gifts,Maroon,Summer,2012.0,Casual,Reid & Taylor Men Maroon Checked Tie,36346.jpg
40826,Unisex,Home,Home Furnishing,Cushion Covers,Yellow,Fall,2012.0,Home,Swayam Unisex Yellow and Orange Cushion Covers (Set of 2),40826.jpg
36565,Women,Personal Care,Fragrance,Deodorant,Red,Spring,2017.0,Casual,United Colors of Benetton Women Deo,36565.jpg
44000,Men,Personal Care,Fragrance,Perfume and Body Mist,Blue,Spring,2017.0,Casual,Police Men Freedom Perfume,44000.jpg
55980,Women,Personal Care,Lips,Lipstick,Brown,Spring,2017.0,Casual,Colorbar Velvet Dark Brown Matte Bare Lipstick 58 BR,55980.jpg
44147,Men,Personal Care,Fragrance,Deodorant,Red,Spring,2017.0,Casual,Nike Fragrances Men Extreme Deo,44147.jpg
44096,Men,Personal Care,Fragrance,Deodorant,Grey,Spring,2017.0,Casual,BOSS Men Grey Deo,44096.jpg
56012,Women,Personal Care,Lips,Lipstick,Red,Spring,2017.0,Casual,Colorbar Soft Touch Garnet Lipstick 044,56012.jpg
55891,Women,Personal Care,Nails,Nail Polish,Blue,Spring,2017.0,Casual,Colorbar Exclusive Nail Lacquer 14,55891.jpg
55448,Women,Personal Care,Lips,Lipstick,Red,Spring,2017.0,Casual,Revlon Latino Kiss Lipcolor 19,55448.jpg
44049,Men,Personal Care,Fragrance,Deodorant,Blue,Spring,2017.0,Casual,Boss Men Pure Deo,44049.jpg
56014,Women,Personal Care,Lips,Lipstick,Lavender,Spring,2017.0,Casual,Colorbar Soft Touch Amethyst Lipstick 042,56014.jpg
55347,Women,Personal Care,Fragrance,Perfume and Body Mist,Blue,Spring,2017.0,Casual,Revlon Women Instinct Perfume,55347.jpg
36935,Men,Personal Care,Fragrance,Perfume and Body Mist,Blue,Spring,2017.0,Casual,Ralph Lauren Men Perfume,36935.jpg
55471,Women,Personal Care,Lips,Lipstick,Red,Spring,2017.0,Casual,Revlon Cha Cha Cherry Super Lustrous Lipstick 626,55471.jpg
46660,Men,Personal Care,Fragrance,Deodorant,Grey,Spring,2017.0,Casual,Rasasi Men Deo,46660.jpg
55500,Women,Personal Care,Lips,Lip Gloss,Pink,Spring,2017.0,Casual,Revlon Crystal Lilac Colorburst Lip Gloss 002,55500.jpg
46943,Women,Personal Care,Fragrance,Perfume and Body Mist,Yellow,Spring,2017.0,Casual,York Women Secrets Perfume,46943.jpg
55165,Women,Personal Care,Nails,Nail Polish,Purple,Spring,2017.0,Casual,Lakme True Wear Classics Clear Glass Nail Polish 012,55165.jpg
44127,Men,Personal Care,Fragrance,Deodorant,Grey,Spring,2017.0,Casual,Boss Men In Motion Deo,44127.jpg
55332,Women,Personal Care,Hair,Hair Colour,Brown,Spring,2017.0,Casual,Revlon Color Silk Light Golden Brown Hair Colour 5G,55332.jpg
49092,Women,Personal Care,Lips,Lip Liner,Coffee Brown,Spring,2017.0,Casual,Deborah 24 Ore Lip Liner 219,49092.jpg
56118,Women,Personal Care,Lips,Lipstick,Pink,Spring,2017.0,Casual,Colorbar Coral Crush Lip Pot 006,56118.jpg
45715,Men,Personal Care,Fragrance,Deodorant,Black,Spring,2017.0,Casual,Reebok Men Reeavenge Deo,45715.jpg
44090,Men,Personal Care,Fragrance,Perfume and Body Mist,Blue,Spring,2017.0,Casual,Boss Men Collector's Edition Perfume,44090.jpg
57593,Women,Personal Care,Lips,Lipstick,Brown,Spring,2017.0,Casual,Lotus Herbals Moistpetals Coral Cove Lipstick 145,57593.jpg
55480,Women,Personal Care,Lips,Lip Liner,Brown,Spring,2017.0,Casual,Revlon Colorstay Chocolates Lip Liner,55480.jpg
55577,Women,Personal Care,Makeup,Compact,Pink,Spring,2017.0,Casual,Revlon Touch & Glow Rose Matte Moisturising Powder 64,55577.jpg
59949,Women,Personal Care,Fragrance,Deodorant,Orange,Spring,2017.0,Casual,Taylor of London Women Hawaii Deo,59949.jpg
55354,Women,Personal Care,Nails,Nail Polish,Beige,Spring,2017.0,Casual,Revlon Sand Mist Nail Polish 394,55354.jpg
30976,Men,Personal Care,Fragrance,Perfume and Body Mist,Red,Spring,2017.0,Casual,Cartier Men Declaration Perfume,30976.jpg
55427,Women,Personal Care,Lips,Lipstick,Pink,Spring,2017.0,Casual,Revlon Moisture Stay Mica Lipstick 15,55427.jpg
55157,Women,Personal Care,Nails,Nail Polish,Red,Spring,2017.0,Casual,Lakme True Wear Classics Ruby Red Nail Polish 405,55157.jpg
46669,Men,Personal Care,Fragrance,Deodorant,Black,Spring,2017.0,Casual,Rasasi Men Deo,46669.jpg
55126,Women,Personal Care,Nails,Nail Polish,Pink,Spring,2017.0,Casual,Lakme Truewear Color Crush Nail Polish 14,55126.jpg
26849,Men,Personal Care,Fragrance,Perfume and Body Mist,Black,Spring,2017.0,Casual,Calvin Klein Men Be Perfume,26849.jpg
46952,Women,Personal Care,Fragrance,Perfume and Body Mist,Purple,Spring,2017.0,Casual,York Women Gracia Perfume,46952.jpg
55931,Women,Personal Care,Nails,Nail Polish,White,Spring,2017.0,Casual,Colorbar Ice Spice Nail Lacquer 34,55931.jpg
55458,Women,Personal Care,Lips,Lipstick,Pink,Spring,2017.0,Casual,Revlon Rose Velvet Super Lustrous Lipstick 306,55458.jpg
49086,Women,Personal Care,Makeup,Compact,Skin,Spring,2017.0,Casual,Deborah Ultrafine Compact Powder 01,49086.jpg
55564,Women,Personal Care,Fragrance,Deodorant,Pink,Spring,2017.0,Casual,Revlon Love Her Madly Deo,55564.jpg
55369,Women,Personal Care,Nails,Nail Polish,Silver,Spring,2017.0,Casual,Revlon Silver Spell Nail Polish 337,55369.jpg
46299,Women,Personal Care,Fragrance,Perfume and Body Mist,White,Spring,2017.0,Casual,Jacques M Women Jacques M Fragrances Fragrances,46299.jpg
56547,Women,Personal Care,Lips,Lip Liner,Red,Spring,2017.0,Casual,Streetwear Stay On Longwear Ruby Lip Liner 03,56547.jpg
49162,Women,Personal Care,Makeup,Kajal and Eyeliner,Black,Spring,2017.0,Casual,Deborah Kajal 104,49162.jpg
55983,Women,Personal Care,Lips,Lipstick,Burgundy,Spring,2017.0,Casual,Colorbar Velvet Matte Forever Mauve Lipstick 50MA,55983.jpg
44069,Men,Personal Care,Fragrance,Perfume and Body Mist,Silver,Spring,2017.0,Casual,Hugo Men Element Perfume,44069.jpg
57880,Women,Personal Care,Skin Care,Face Scrub and Exfoliator,Green,Spring,2017.0,Casual,Biotique Women Bio Walnut Purifying & Polishing Scrub,57880.jpg
55321,Women,Personal Care,Skin,Face Moisturisers,White,Spring,2017.0,Casual,Revlon Touch & Glow Advanced Sun Care Daily Moisturising Lotion,55321.jpg
55587,Women,Personal Care,Lips,Lip Gloss,Burgundy,Spring,2017.0,Casual,Revlon ColorStay Overtime Boundless Brandy Lip Gloss 250,55587.jpg
55154,Women,Personal Care,Nails,Nail Polish,Brown,Spring,2017.0,Casual,Lakme True Wear Classics Nail Polish 1,55154.jpg
56363,Men,Personal Care,Fragrance,Perfume and Body Mist,Blue,Spring,2017.0,Casual,Tommy Hilfiger Men 100 ml Perfume,56363.jpg
55470,Women,Personal Care,Lips,Lipstick,Brown,Spring,2017.0,Casual,Revlon Super Lusterous Chocolate Velvet Lipstick 302,55470.jpg
28217,Women,Personal Care,Fragrance,Deodorant,Pink,Spring,2017.0,Casual,YARDLEY Women English Rose Body Spray,28217.jpg
44045,Men,Personal Care,Fragrance,Perfume and Body Mist,Red,Spring,2017.0,Casual,Hugo Men Energise Perfume,44045.jpg
55299,Women,Personal Care,Makeup,Eyeshadow,Bronze,Spring,2017.0,Casual,Lakme Absolute Eye Chromatic Day Shimmer Baked Eye Shadow,55299.jpg
55518,Women,Personal Care,Hair,Hair Colour,Brown,Spring,2017.0,Casual,Revlon Top Speed 65 Dark Brown Ammonia-Free Hair Colour,55518.jpg
55289,Women,Personal Care,Makeup,Highlighter and Blush,Bronze,Spring,2017.0,Casual,Lakme Earth Blaze Face Sheer,55289.jpg
56075,Women,Personal Care,Lips,Lip Liner,Mauve,Spring,2017.0,Casual,Colorbar Plum Lip Liner/Crayon 004,56075.jpg
56444,Women,Personal Care,Nails,Nail Polish,Red,Spring,2017.0,Casual,Streetwear Shine Divine Cherry Divine Nail Enamel 16,56444.jpg
46716,Women,Personal Care,Fragrance,Perfume and Body Mist,White,Spring,2017.0,Casual,Rasasi Women Innocence Perfume,46716.jpg
55542,Women,Personal Care,Makeup,Kajal and Eyeliner,Black,Spring,2017.0,Casual,Revlon Black Color Stay Pen Eyeliner,55542.jpg
46661,Men,Personal Care,Fragrance,Deodorant,Blue,Spring,2017.0,Casual,Rasasi Men Instincts Deo,46661.jpg
26737,Men,Personal Care,Fragrance,Deodorant,Brown,Spring,2017.0,Casual,Reebok Men Reesport Deo,26737.jpg
55434,Women,Personal Care,Lips,Lipstick,Red,Spring,2017.0,Casual,Revlon Ruby Colorburst Lipstick 85,55434.jpg
56081,Women,Personal Care,Lips,Lip Gloss,Silver,Spring,2017.0,Casual,Colorbar Clear Glaze Star Shine Lip Gloss 015,56081.jpg
55538,Women,Personal Care,Makeup,Eyeshadow,Multi,Spring,2017.0,Casual,Revlon Wild Orchids Illuminance Creme Eye Shadow,55538.jpg
26785,Men,Personal Care,Fragrance,Deodorant,Red,Spring,2017.0,Casual,Reebok Men Pack of 3 Deos,26785.jpg
44954,Men,Personal Care,Fragrance,Deodorant,Black,Spring,2017.0,Casual,Kama Sutra Men Storm Deo,44954.jpg
55351,Women,Personal Care,Bath and Body,Nail Essentials,Purple,Spring,2017.0,Casual,Revlon Extra Gentle Nail Polish Remover,55351.jpg
49135,Women,Personal Care,Eyes,Kajal and Eyeliner,Bronze,Spring,2017.0,Casual,Deborah 24 Ore Eye Pencil 266,49135.jpg
55205,Women,Personal Care,Lips,Lipstick,Brown,Spring,2017.0,Casual,Lakme Lip Love Dark Desire Lipstick B122A,55205.jpg
55466,Women,Personal Care,Lips,Lipstick,Red,Spring,2017.0,Casual,Revlon Kiss Me Coral Super Lustrous Lipstick 750,55466.jpg
56464,Women,Personal Care,Nails,Nail Polish,Pink,Spring,2017.0,Casual,Streetwear Pink Petals Nail Polish 34,56464.jpg
32528,Men,Personal Care,Fragrance,Deodorant,Silver,Spring,2017.0,Casual,Tonino Lamborghini Men Mitico Deo,32528.jpg
26781,Men,Personal Care,Fragrance,Deodorant,Blue,Spring,2017.0,Casual,Reebok Men Pack of 3 Deos,26781.jpg
57615,Women,Personal Care,Skin Care,Sunscreen,Orange,Spring,2017.0,Casual,Lotus Herbals UV Screen Matte Gel 50g,57615.jpg
55496,Women,Personal Care,Lips,Lip Gloss,Pink,Spring,2017.0,Casual,Revlon ColorBurst Hot Pink Lip Gloss 10,55496.jpg
56424,Women,Personal Care,Makeup,Highlighter and Blush,Pink,Spring,2017.0,Casual,Streetwear Stay On Blush Blusher,56424.jpg
56616,Women,Personal Care,Makeup,Highlighter and Blush,Peach,Spring,2017.0,Casual,Streetwear Stay On Mineral Peppy Apricot Blusher,56616.jpg
23544,Men,Personal Care,Fragrance,Deodorant,Black,Spring,2017.0,Casual,Police Men Original Deo,23544.jpg
25995,Men,Personal Care,Fragrance,Perfume and Body Mist,Green,Spring,2017.0,Casual,Jaguar Casual Men Perfume,25995.jpg
32525,Men,Personal Care,Fragrance,Perfume and Body Mist,Silver,Spring,2017.0,Casual,Tonino Lamborghini Men Mitico Perfume,32525.jpg
44053,Women,Personal Care,Fragrance,Perfume and Body Mist,Grey,Spring,2017.0,Casual,Boss Women Perfume,44053.jpg
44159,Men,Personal Care,Fragrance,Fragrance Gift Set,Green,Spring,2017.0,Casual,Carlos Moya Men Fragrances Gift Set,44159.jpg
41899,Men,Personal Care,Fragrance,Perfume and Body Mist,Black,Spring,2017.0,Casual,Playboy Men Ibiza Perfume Buy 1 Get 1 free,41899.jpg
55081,Women,Personal Care,Skin Care,Face Wash and Cleanser,Pink,Spring,2017.0,Casual,Ponds White Beauty Daily Spot-less Lightening Facial Foam,55081.jpg
57712,Women,Personal Care,Lips,Lip Liner,Maroon,Spring,2017.0,Casual,Lotus Herbals Seduction Ruby Desire Lip Contour Definer 51,57712.jpg
55844,Women,Personal Care,Nails,Nail Polish,Pink,Spring,2017.0,Casual,Colorbar Pro Plum de La Plum Nail Lacquer 051,55844.jpg
55065,Women,Personal Care,Lips,Lipstick,Pink,Spring,2017.0,Casual,Lakme Enrich Satins Lipstick 128,55065.jpg
18447,Men,Personal Care,Fragrance,Perfume and Body Mist,White,Spring,2017.0,Casual,Ed Hardy Love & Luck Men Perfumes,18447.jpg
26858,Women,Personal Care,Fragrance,Perfume and Body Mist,Blue,Spring,2017.0,Casual,Davidoff Women Cool Water Perfume,26858.jpg
59863,Women,Personal Care,Skin Care,Eye Cream,Black,Spring,2017.0,Casual,Olay Women Total Effects Anti-Ageing Eye Cream,59863.jpg
18462,Men,Personal Care,Fragrance,Perfume and Body Mist,White,Spring,2017.0,Casual,David Beckham Intense Instinct Men Perfumes,18462.jpg
55072,Women,Personal Care,Eyes,Mascara,Black,Spring,2017.0,Casual,Lakme Lash Artist Mascara,55072.jpg
44959,Women,Personal Care,Fragrance,Deodorant,Pink,Spring,2017.0,Casual,Fogg Women Essence Deo,44959.jpg
27318,Women,Personal Care,Fragrance,Perfume and Body Mist,Blue,Spring,2017.0,Casual,ADIDAS Women Pure Lightness Perfume,27318.jpg
55856,Women,Personal Care,Nails,Nail Polish,Red,Spring,2017.0,Casual,Colorbar Pro Rosie Nail Lacquer 015,55856.jpg
56122,Women,Personal Care,Makeup,Foundation and Primer,Skin,Spring,2017.0,Casual,Colorbar Beige Perfect Match Foundation,56122.jpg
56543,Women,Personal Care,Eyes,Mascara,White,Spring,2017.0,Casual,Streetwear Sheer Mascara,56543.jpg
21241,Men,Personal Care,Fragrance,Deodorant,Blue,Spring,2017.0,Casual,Manchester United Men Deo,21241.jpg
56504,Women,Personal Care,Nails,Nail Polish,Magenta,Spring,2017.0,Casual,Streetwear Quick Dry Mystique Magenta Nail Polish 02,56504.jpg
56535,Women,Personal Care,Lips,Lipstick,Brown,Spring,2017.0,Casual,Streetwear Satin Smooth Eclairs Lipcolor 11,56535.jpg
45773,Men,Personal Care,Fragrance,Deodorant,Gold,Spring,2017.0,Casual,Lomani Men Deo,45773.jpg
56034,Women,Personal Care,Lips,Lipstick,Brown,Spring,2017.0,Casual,ColorBar Soft Touch Mistique Lipstick 013,56034.jpg
57643,Women,Personal Care,Nails,Nail Polish,Pink,Spring,2017.0,Casual,Lotus Herbals Colour Dew Pink Doll Nail Polish 98,57643.jpg
55394,Women,Personal Care,Makeup,Makeup Remover,White,Spring,2017.0,Casual,Revlon Eye & Lip Makeup Remover,55394.jpg
26029,Men,Personal Care,Fragrance,Perfume and Body Mist,Black,Spring,2017.0,Casual,Slazenger Men Extreme Perfume,26029.jpg
56379,Women,Personal Care,Fragrance,Perfume and Body Mist,Green,Spring,2017.0,Casual,DKNY Women Sweet Delicious 50 ml Perfume,56379.jpg
45690,Women,Personal Care,Fragrance,Perfume and Body Mist,Pink,Spring,2017.0,Casual,Tous Women Perfume,45690.jpg
23574,Men,Personal Care,Fragrance,Perfume and Body Mist,Black,Spring,2017.0,Casual,Boss Men Soul Perfume,23574.jpg
43125,Women,Personal Care,Fragrance,Perfume and Body Mist,Gold,Spring,2017.0,Casual,David Beckham Women Intimately Yours Eau De Toilette 75ml,43125.jpg
56032,Women,Personal Care,Lips,Lipstick,Brown,Spring,2017.0,Casual,ColorBar Soft Touch Fleuron Lipstick 015,56032.jpg
55128,Women,Personal Care,Nails,Nail Polish,Pink,Spring,2017.0,Casual,Lakme Truewear Color Crush Nail Polish 12,55128.jpg
55334,Women,Personal Care,Hair,Hair Colour,Brown,Spring,2017.0,Casual,Revlon Colorsilk 3N Dark Brown Hair Colour,55334.jpg
46793,Women,Personal Care,Fragrance,Perfume and Body Mist,Off White,Spring,2017.0,Casual,Carolina Herrera Women 50 ml Perfume,46793.jpg
18446,Men,Personal Care,Fragrance,Perfume and Body Mist,White,Spring,2017.0,Casual,Ed Hardy Natural Men Perfumes,18446.jpg
56022,Women,Personal Care,Lips,Lipstick,Brown,Spring,2017.0,Casual,Colorbar Flamingo Soft Touch Lipstick 033,56022.jpg
45716,Men,Personal Care,Fragrance,Deodorant,Green,Spring,2017.0,Casual,Reebok Men Reeavenge Deo,45716.jpg
56080,Women,Personal Care,Lips,Lip Gloss,Red,Spring,2017.0,Casual,Colorbar Star Shine Coral Glaze Lip Gloss 016,56080.jpg
56042,Women,Personal Care,Lips,Lipstick,Purple,Spring,2017.0,Casual,Colorbar Plum Dressing Lipstick 09,56042.jpg
55490,Women,Personal Care,Lips,Lip Gloss,Rose,Spring,2017.0,Casual,Revlon Rose Gold Colorburst Lip Gloss 026,55490.jpg
28265,Men,Personal Care,Fragrance,Deodorant,Blue,Spring,2017.0,Casual,Gatsby Men Classic Deo,28265.jpg
55148,Women,Personal Care,Nails,Nail Polish,Red,Spring,2017.0,Casual,Lakme True Wear Freespirit Nail Polish D416,55148.jpg
55457,Women,Personal Care,Lips,Lipstick,Pink,Spring,2017.0,Casual,Revlon Rose Dew Super Lustrous Lipstick 407,55457.jpg
46688,Men,Personal Care,Fragrance,Perfume and Body Mist,Blue,Spring,2017.0,Casual,Rasasi Men Royale Perfume,46688.jpg
46790,Men,Personal Care,Fragrance,Perfume and Body Mist,Blue,Spring,2017.0,Casual,Nautilus Men Aqua 50 ml Perfume,46790.jpg
56584,Women,Personal Care,Makeup,Highlighter and Blush,Skin,Spring,2017.0,Casual,Streetwear Crystal Ivory Shine Face Brightener,56584.jpg
58958,Men,Personal Care,Fragrance,Deodorant,Blue,Spring,2017.0,Casual,Denim Original Men DeoMax Body Spray,58958.jpg
56137,Women,Personal Care,Makeup,Eyeshadow,Green,Spring,2017.0,Casual,Colorbar Green Stroke Eye Shadow,56137.jpg
58962,Men,Personal Care,Fragrance,Perfume and Body Mist,Silver,Spring,2017.0,Casual,Colour me Men Silver Perfume,58962.jpg
57887,Women,Personal Care,Skin,Mask and Peel,Pink,Spring,2017.0,Casual,Biotique Bio Fruit Whitening and Depigmentation Face Pack,57887.jpg
55396,Women,Personal Care,Eyes,Mascara,Black,Spring,2017.0,Casual,Revlon Grow Luscious Blackest Black Mascara & Lash Enhancer 5354-01,55396.jpg
49158,Women,Personal Care,Makeup,Foundation and Primer,Skin,Spring,2017.0,Casual,Deborah Fair Colour Copy Mat Effect 0 Foundation,49158.jpg
22548,Women,Personal Care,Fragrance,Deodorant,Purple,Spring,2017.0,Casual,Reebok Women Reestyle Deo,22548.jpg
57885,Women,Personal Care,Skin,Mask and Peel,Green,Spring,2017.0,Casual,Biotique Bio Mud Ageless Firming & Revitalizing Face Pack,57885.jpg
54995,Women,Personal Care,Lips,Lipstick,Purple,Spring,2017.0,Casual,Lakme Absolute Night Glam Lip Last,54995.jpg
25994,Men,Personal Care,Fragrance,Perfume and Body Mist,Black,Spring,2017.0,Casual,Jaguar Prestige Men Perfume,25994.jpg
44035,Men,Personal Care,Fragrance,Perfume and Body Mist,Blue,Spring,2017.0,Casual,Boss Men In Motion Perfume,44035.jpg
46682,Men,Personal Care,Fragrance,Perfume and Body Mist,Silver,Spring,2017.0,Casual,Rasasi Men Emotion Perfume,46682.jpg
46919,Men,Personal Care,Fragrance,Perfume and Body Mist,Blue,Spring,2017.0,Casual,York Men Perfume,46919.jpg
55293,Women,Personal Care,Lips,Lip Gloss,Peach,Spring,2017.0,Casual,Lakme Absolute Coralshine Plump & Shine Lip Gloss,55293.jpg
49129,Women,Personal Care,Makeup,Concealer,Skin,Spring,2017.0,Casual,Deborah Medium Beige 24 Ore Perfect Concealer 4,49129.jpg
55944,Women,Personal Care,Nails,Nail Polish,Brown,Spring,2017.0,Casual,Colorbar Brownie Nail Lacquer 13,55944.jpg
55173,Women,Personal Care,Nails,Nail Polish,Red,Spring,2017.0,Casual,Lakme Absolute Fast & Fabulous Crimson Fire Nail Polish 24,55173.jpg
58989,Men,Personal Care,Fragrance,Deodorant,White,Spring,2017.0,Casual,Cavallini Men Deo,58989.jpg
44164,Men,Personal Care,Fragrance,Perfume and Body Mist,Orange,Spring,2017.0,Casual,Nike Fragrances Men On Fire Perfume 150 ml,44164.jpg
57567,Women,Personal Care,Lips,Lipstick,Pink,Spring,2017.0,Casual,Lotus Herbals Pure Colors Moisturising   Lilac Beauty Lipstick 644,57567.jpg
55866,Women,Personal Care,Nails,Nail Polish,Blue,Spring,2017.0,Casual,Colorbar Turquoise Nail Lacquer 88,55866.jpg
56537,Women,Personal Care,Lips,Lipstick,Pink,Spring,2017.0,Casual,Streetwear Women Satin Smooth Cherry Crush Lipstick o9,56537.jpg
46644,Men,Personal Care,Fragrance,Deodorant,Blue,Spring,2017.0,Casual,Rasasi Men Royal Blue Deo,46644.jpg
56178,Women,Personal Care,Makeup,Concealer,Beige,Spring,2017.0,Casual,Colorbar Sand Beige Concealer 003,56178.jpg
23570,Men,Personal Care,Fragrance,Fragrance Gift Set,Black,Spring,2017.0,Casual,Boss Men Casual Perfume and Shower Gel,23570.jpg
57662,Women,Personal Care,Nails,Nail Polish,Copper,Spring,2017.0,Casual,Lotus Herbals Rich Auburn Nail Polish 971,57662.jpg
44030,Men,Personal Care,Perfumes,Perfume and Body Mist,Orange,Spring,2017.0,Casual,dunhill Men Pursuit Perfume,44030.jpg
55098,Women,Personal Care,Skin,Face Moisturisers,Cream,Spring,2017.0,Casual,Ponds Gold Radiance Youthful Night Repair Moisturiser,55098.jpg
55022,Women,Personal Care,Lips,Lipstick,Purple,Spring,2017.0,Casual,Lakme Absolute Matte Grape Blossom Lipstick 209,55022.jpg
49112,Women,Personal Care,Makeup,Foundation and Primer,Skin,Spring,2017.0,Casual,Deborah New Skin Compact Foundation 03,49112.jpg
57782,Women,Personal Care,Skin Care,Face Moisturisers,Cream,Spring,2017.0,Casual,Lotus Herbals Nutramoist Skin Renewal Daily Cream,57782.jpg
55263,Women,Personal Care,Makeup,Kajal and Eyeliner,Grey,Spring,2017.0,Casual,Lakme Fantasy Midnight Moon Shimmer Eye Liner,55263.jpg
56076,Women,Personal Care,Lips,Lip Liner,Maroon,Spring,2017.0,Casual,Colorbar Moody Maroon Lip Liner 003,56076.jpg
43975,Women,Personal Care,Fragrance,Perfume and Body Mist,Brown,Spring,2017.0,Casual,DKNY Women Be Delicious Perfume,43975.jpg
57601,Women,Personal Care,Lips,Lipstick,Rose,Spring,2017.0,Casual,Lotus Herbals Moistpetals Rose Glide Lipstick 115,57601.jpg
46637,Women,Personal Care,Fragrance,Deodorant,White,Spring,2017.0,Casual,Rasasi Women Feelings Deo,46637.jpg
46723,Women,Personal Care,Fragrance,Perfume and Body Mist,Black,Spring,2017.0,Casual,Rasasi Women Unique Perfume,46723.jpg
56142,Women,Personal Care,Makeup,Eyeshadow,Gold,Spring,2017.0,Casual,Colorbar Gorgeous Gold Eye Shadow 001,56142.jpg
32527,Men,Personal Care,Fragrance,Deodorant,Blue,Spring,2017.0,Casual,Tonino Lamborghini Men Forza Deo,32527.jpg
55915,Women,Personal Care,Nails,Nail Polish,Silver,Spring,2017.0,Casual,Colorbar Steel Etto Nail Lacquer 64,55915.jpg
55120,Women,Personal Care,Nails,Nail Polish,Pink,Spring,2017.0,Casual,Lakme Truewear Color Crush Nail Polish 20,55120.jpg
58979,Men,Personal Care,Fragrance,Deodorant,Green,Spring,2017.0,Casual,Colour me Men Green Deo,58979.jpg
56176,Women,Personal Care,Makeup,Kajal and Eyeliner,Purple,Spring,2017.0,Casual,Colorbar Purple Hue Eye Liner 002,56176.jpg
49113,Women,Personal Care,Makeup,Foundation and Primer,Skin,Spring,2017.0,Casual,Deborah New Skin Compact Foundation 04,49113.jpg
37907,Unisex,Personal Care,Fragrance,Perfume and Body Mist,Gold,Spring,2017.0,Casual,RNC Unisex Vetiver Perfume,37907.jpg
57552,Women,Personal Care,Lips,Lipstick,Copper,Spring,2017.0,Casual,Lotus Herbals Floralstay Copper Toast Lip Color 424,57552.jpg
55370,Women,Personal Care,Nails,Nail Polish,Pink,Spring,2017.0,Casual,Revlon Iced Mauve Nail Polish 333,55370.jpg
56067,Women,Personal Care,Lips,Lipstick,Red,Spring,2017.0,Casual,ColorBar Diva Red She Said Lipstick DL002,56067.jpg
57637,Women,Personal Care,Nails,Nail Polish,Pink,Spring,2017.0,Casual,Lotus Herbals Fuschia Drop Nail Polish 949,57637.jpg
59951,Women,Personal Care,Fragrance,Deodorant,Blue,Spring,2017.0,Casual,Taylor of London Lace Perfumed Body Spray,59951.jpg
49142,Women,Personal Care,Lips,Lip Gloss,Peach,Spring,2017.0,Casual,Deborah Peach Coloured Euphoric Shine 12 Lip Gloss,49142.jpg
55521,Women,Personal Care,Makeup,Foundation and Primer,Skin,Spring,2017.0,Casual,Revlon PhotoReady Medium Beige Makeup 006,55521.jpg
56634,Women,Personal Care,Skin Care,Face Wash and Cleanser,Black,Spring,2017.0,Casual,Olay Women Total Effects 7 in 1 Foaming Cleanser,56634.jpg
55164,Women,Personal Care,Nails,Nail Polish,White,Spring,2017.0,Casual,Lakme True Wear Classics Vanilla Nail Color 014,55164.jpg
55582,Women,Personal Care,Makeup,Highlighter and Blush,Peach,Spring,2017.0,Casual,Revlon Everything Rosy Powder Blush 15,55582.jpg
45772,Men,Personal Care,Fragrance,Deodorant,Grey,Spring,2017.0,Casual,Lomani Men Deo,45772.jpg
56526,Women,Personal Care,Lips,Lipstick,Pink,Spring,2017.0,Casual,Streetwear Satin Smooth Raspberry Lipcolor 07,56526.jpg
46773,Men,Personal Care,Fragrance,Perfume and Body Mist,Grey,Spring,2017.0,Casual,Euroluxe Men Steel Perfume,46773.jpg
44017,Men,Personal Care,Perfumes,Perfume and Body Mist,Grey,Spring,2017.0,Casual,Boss Men Selection 50 ml Perfume,44017.jpg
49087,Women,Personal Care,Eyes,Kajal and Eyeliner,Blue,Spring,2017.0,Casual,Deborah 24 Ore Eye Pencil 253,49087.jpg
57614,Women,Personal Care,Skin Care,Sunscreen,Orange,Spring,2017.0,Casual,Lotus Herbals Extreme Sun Block Sunscreen,57614.jpg
57790,Women,Personal Care,Makeup,Compact,Skin,Spring,2017.0,Casual,Lotus Herbals Pure Radiance Matte Pearl Compact 545,57790.jpg
55398,Women,Personal Care,Eyes,Mascara,Black,Spring,2017.0,Casual,Revlon Lash Fantasy Blackest Black Mascara And Primer,55398.jpg
55585,Women,Personal Care,Makeup,Highlighter and Blush,Peach,Spring,2017.0,Casual,Revlon Photo Ready Peach Sculpting Blush Palette 02,55585.jpg
55867,Women,Personal Care,Nails,Nail Polish,Pink,Spring,2017.0,Casual,Colorbar Oh My Magenta 2 Nail Lacquer 85V,55867.jpg
28240,Men,Personal Care,Fragrance,Deodorant,Blue,Spring,2017.0,Casual,Park Avenue Men Good Morning Deo,28240.jpg
55924,Women,Personal Care,Nails,Nail Polish,Pink,Spring,2017.0,Casual,Colorbar Windsor Rose Nail Lacquer 51,55924.jpg
55273,Women,Personal Care,Makeup,Concealer,Skin,Spring,2017.0,Casual,Lakme Absolute White Intense Medium to Dark Concealer,55273.jpg
20074,Men,Personal Care,Fragrance,Deodorant,Grey,Spring,2017.0,Casual,David Beckham Men Homme Deo,20074.jpg
44149,Men,Personal Care,Fragrance,Deodorant,Blue,Spring,2017.0,Casual,Nike Fragrances Men Pure Deo,44149.jpg
56392,Women,Personal Care,Fragrance,Perfume and Body Mist,Lavender,Spring,2017.0,Casual,Estee Lauder Women Pleasures 50 ml Perfume,56392.jpg
44168,Men,Personal Care,Fragrance,Fragrance Gift Set,Green,Spring,2017.0,Casual,Nike Fragrances Men Green Storm Perfume and Deo Set,44168.jpg
49134,Women,Personal Care,Lips,Lip Liner,Red,Spring,2017.0,Casual,Deborah Extra Lip Liner 07,49134.jpg
57642,Women,Personal Care,Nails,Nail Polish,Peach,Spring,2017.0,Casual,Lotus Herbals Peach Perfect Nail Polish 99,57642.jpg
56072,Women,Personal Care,Lips,Lip Liner,Brown,Spring,2017.0,Casual,Colorbar Wild Berry Lip Liner /Crayon 011,56072.jpg
30966,Men,Personal Care,Fragrance,Perfume and Body Mist,Blue,Spring,2017.0,Casual,Azzaro Men Chrome Eau de Toilette 200 ml,30966.jpg
55449,Women,Personal Care,Lips,Lipstick,Maroon,Spring,2017.0,Casual,Revlon Plum Sexxxy Honey Kiss Lipstick 08,55449.jpg
55217,Women,Personal Care,Lips,Lipstick,Red,Spring,2017.0,Casual,Lakme Nine to Five Sun Shimmer Lipstick,55217.jpg
44153,Men,Personal Care,Fragrance,Fragrance Gift Set,Blue,Spring,2017.0,Casual,Nike Fragrances Men Pure Fragrance Gift Set,44153.jpg
55488,Women,Personal Care,Lips,Lip Gloss,Bronze,Spring,2017.0,Casual,Revlon Bronze Shimmer Colorburst Lip Gloss 30,55488.jpg
32531,Men,Personal Care,Fragrance,Deodorant,Black,Spring,2017.0,Casual,Tonino Lamborghini Men Pack of 3 Deos,32531.jpg
55964,Women,Personal Care,Lips,Lipstick,Red,Spring,2017.0,Casual,Colorbar Take Me As I Am Sensuous Red  Lipcolor with Sharpner 001 3.94 g,55964.jpg
54063,Men,Personal Care,Fragrance,Deodorant,Red,Spring,2017.0,Casual,Fogg Men Napoleon Deo,54063.jpg
44377,Men,Personal Care,Fragrance,Deodorant,Grey,Spring,2017.0,Casual,Jovan Men White Musk Deo,44377.jpg
58965,Women,Personal Care,Fragrance,Perfume and Body Mist,Blue,Spring,2017.0,Casual,Colour Me Women Sky Blue Perfume,58965.jpg
55191,Women,Personal Care,Nails,Nail Polish,Blue,Spring,2017.0,Casual,Lakme Absolute Fast & Fabulous Aqua Express Nail Polish 06,55191.jpg
49124,Women,Personal Care,Lips,Lipstick,Pink,Spring,2017.0,Casual,Deborah Pink Light Creator Shine Volume 9 Lipstick,49124.jpg
55954,Women,Personal Care,Nails,Nail Polish,Maroon,Spring,2017.0,Casual,Colorbar Valentino Nail Lacquer 02,55954.jpg
57872,Women,Personal Care,Skin,Face Moisturisers,Beige,Spring,2017.0,Casual,Biotique Women Bio Dandelion Ageless Lightening Serum,57872.jpg
55196,Women,Personal Care,Nails,Nail Polish,Gold,Spring,2017.0,Casual,Lakme Absolute Fast & Fabulous Gold Shimmer Nail Polish 01,55196.jpg
56084,Women,Personal Care,Lips,Lip Gloss,Pink,Spring,2017.0,Casual,Colorbar Star Shine Bare True Lip Gloss 11,56084.jpg
23598,Men,Personal Care,Fragrance,Deodorant,Black,Spring,2017.0,Casual,Nike Fragrances Men Blue Wave Deo,23598.jpg
55540,Women,Personal Care,Makeup,Eyeshadow,Copper,Spring,2017.0,Casual,Revlon Illuminance Copper Coast Creme Shadow 01,55540.jpg
27311,Women,Personal Care,Fragrance,Deodorant,Yellow,Spring,2017.0,Casual,ADIDAS Women Free Emotion Deo,27311.jpg
55390,Women,Personal Care,Nails,Nail Polish,Rose,Spring,2017.0,Casual,Revlon Really Rosy Nail Polish 308,55390.jpg
55450,Women,Personal Care,Lips,Lipstick,Pink,Spring,2017.0,Casual,Revlon Plum Sexxxy Flirty Fuchsia Lipstick 54,55450.jpg
46782,Women,Personal Care,Fragrance,Perfume and Body Mist,Pink,Spring,2017.0,Casual,Love Passport Women 50 ml Perfume,46782.jpg
55847,Women,Personal Care,Nails,Nail Polish,Pink,Spring,2017.0,Casual,Colorbar Pro Bubbly Pink Nail Lacquer 048,55847.jpg
57619,Women,Personal Care,Skin Care,Sunscreen,Orange,Spring,2017.0,Casual,Lotus Herbals Safe Sun Sunscreen SPF 40,57619.jpg
55257,Women,Personal Care,Makeup,Kajal and Eyeliner,Grey,Spring,2017.0,Casual,Lakme Absolute Forever Silk Grey Matter Eyeliner,55257.jpg
44038,Women,Personal Care,Fragrance,Perfume and Body Mist,Pink,Spring,2017.0,Casual,Boss Women Femme Perfume,44038.jpg
55075,Women,Personal Care,Eyes,Kajal and Eyeliner,Copper,Spring,2017.0,Casual,Lakme Glide On Warm Copper Eye Color,55075.jpg
57677,Women,Personal Care,Skin,Face Moisturisers,White,Spring,2017.0,Casual,Lotus Herbals Whiteglow Skin Whitening & Brightening Creme,57677.jpg
26733,Men,Personal Care,Fragrance,Deodorant,Gold,Spring,2017.0,Casual,Reebok Men Chennai Super Kings Deo,26733.jpg
55841,Women,Personal Care,Nails,Nail Polish,Pink,Spring,2017.0,Casual,Colorbar Pro Pink Late Nail Lacquer 056,55841.jpg
59853,Women,Personal Care,Skin,Face Moisturisers,White,Spring,2017.0,Casual,Olay Women Natural White Rich All in One Fairness Night Cream,59853.jpg
56119,Women,Personal Care,Lips,Lip Gloss,Brown,Spring,2017.0,Casual,Colorbar Toffee Tango Lip Pot 005,56119.jpg
58954,Men,Personal Care,Fragrance,Deodorant,Yellow,Spring,2017.0,Casual,Denim Men Illusion Deo,58954.jpg
55551,Women,Personal Care,Makeup,Kajal and Eyeliner,Black,Spring,2017.0,Casual,Revlon Colorstay Sparkling Black Eye Liner,55551.jpg
56429,Women,Personal Care,Eyes,Eyeshadow,Brown,Spring,2017.0,Casual,Streetwear Bombshell Eye Shadow,56429.jpg
56427,Women,Personal Care,Eyes,Eyeshadow,Bronze,Spring,2017.0,Casual,Streetwear Groovy Baby Eye Shadow,56427.jpg
44152,Men,Personal Care,Fragrance,Deodorant,Grey,Spring,2017.0,Casual,Nike Fragrances Men Up or Down Deo,44152.jpg
55840,Women,Personal Care,Nails,Nail Polish,Rust,Spring,2017.0,Casual,Colorbar Pro Rusk Beauty Nail Lacquer 057,55840.jpg
56041,Women,Personal Care,Lips,Lipstick,Brown,Spring,2017.0,Casual,Colorbar Coco Liscious Lipstick 10,56041.jpg
26209,Women,Personal Care,Fragrance,Perfume and Body Mist,Green,Spring,2017.0,Casual,Perry Ellis Women Reserve Perfume,26209.jpg
44949,Men,Personal Care,Fragrance,Deodorant,Black,Spring,2017.0,Casual,Kama Sutra Men Travel Mate Pack of 3 Deos,44949.jpg
55123,Women,Personal Care,Nails,Nail Polish,Pink,Spring,2017.0,Casual,Lakme Truewear Color Crush Nail Polish 17,55123.jpg
57664,Women,Personal Care,Nails,Nail Polish,Brown,Spring,2017.0,Casual,Lotus Herbals Colour Dew Mahogany Nail Polish 943,57664.jpg
55545,Women,Personal Care,Makeup,Kajal and Eyeliner,Blue,Spring,2017.0,Casual,Revlon Colorstay One-Stroke Defining Blooming Blue Eye Pencil,55545.jpg
32549,Men,Personal Care,Fragrance,Deodorant,Black,Spring,2017.0,Casual,Playboy Men Set of 2 Deodorant Body Sprays,32549.jpg
55249,Women,Personal Care,Makeup,Foundation and Primer,Skin,Spring,2017.0,Casual,Lakme Face Magic Natural Marble Daily Wear Souffle,55249.jpg
44138,Men,Personal Care,Fragrance,Perfume and Body Mist,Blue,Spring,2017.0,Casual,Dunhill Men Desire Blue Perfume,44138.jpg
56023,Women,Personal Care,Lips,Lipstick,Brown,Spring,2017.0,Casual,ColorBar Soft Touch Bingo Lipstick 029,56023.jpg
55973,Women,Personal Care,Lips,Lipstick,Brown,Spring,2017.0,Casual,ColorBar Velvet Matte High Tea 1 Lipstick 77V,55973.jpg
56432,Women,Personal Care,Bath and Body,Nail Essentials,Pink,Spring,2017.0,Casual,Streetwear Nail Color Remover,56432.jpg
49115,Women,Personal Care,Lips,Lipstick,Pink,Spring,2017.0,Casual,Deborah Atomic Red 19 Lipstick,49115.jpg
46659,Women,Personal Care,Fragrance,Deodorant,Green,Spring,2017.0,Casual,Rasasi Women Life Deo,46659.jpg
26734,Women,Personal Care,Fragrance,Deodorant,Silver,Spring,2017.0,Casual,Reebok Women Pack of 3 Deos,26734.jpg
46948,Women,Personal Care,Fragrance,Perfume and Body Mist,Red,Spring,2017.0,Casual,York Women Love Series Perfume,46948.jpg
43102,Men,Personal Care,Fragrance,Deodorant,Blue,Spring,2017.0,Casual,Reebok Men Reejuvenate Deo,43102.jpg
54064,Men,Personal Care,Fragrance,Deodorant,Black,Spring,2017.0,Casual,Fogg Men Marco Deo,54064.jpg
28221,Men,Personal Care,Fragrance,Deodorant,Black,Spring,2017.0,Casual,YARDLEY Men Elegance Deo,28221.jpg
56082,Women,Personal Care,Lips,Lip Gloss,Red,Spring,2017.0,Casual,Colorbar Star Shine Sensation Lip Gloss 14,56082.jpg
55266,Women,Personal Care,Makeup,Kajal and Eyeliner,Brown,Spring,2017.0,Casual,Lakme Absolute Shine Line Brown Shimmer Eye Liner,55266.jpg
44148,Men,Personal Care,Fragrance,Deodorant,Green,Spring,2017.0,Casual,Nike Fragrances Men Casual Deo,44148.jpg
55261,Women,Personal Care,Makeup,Kajal and Eyeliner,Olive,Spring,2017.0,Casual,Lakme Absolute Forever Silk Gypsy Green Eye Liner,55261.jpg
23551,Men,Personal Care,Fragrance,Perfume and Body Mist,Black,Spring,2017.0,Casual,Nautilus Men Black Marlin Perfume,23551.jpg
55504,Women,Personal Care,Lips,Lip Gloss,Peach,Spring,2017.0,Casual,Revlon Super Lustrous Pink Crystals Lip Gloss 59,55504.jpg
46917,Men,Personal Care,Fragrance,Perfume and Body Mist,Green,Spring,2017.0,Casual,York Men Aqua Green Perfume,46917.jpg
56166,Women,Personal Care,Makeup,Kajal and Eyeliner,Lavender,Spring,2017.0,Casual,Colorbar I-Define Silver Slate Eye Pencil 001,56166.jpg
46627,Women,Personal Care,Fragrance,Deodorant,Orange,Spring,2017.0,Casual,Rasasi Women Chastity Deo and Perfume Set,46627.jpg
18463,Men,Personal Care,Fragrance,Perfume and Body Mist,White,Spring,2017.0,Casual,David Beckham Instinct Men Perfumes,18463.jpg
26205,Men,Personal Care,Fragrance,Perfume and Body Mist,Blue,Spring,2017.0,Casual,Nautica Voyage Men Perfume,26205.jpg
56513,Women,Personal Care,Lips,Lipstick,Brown,Spring,2017.0,Casual,Streetwear Luscious Lips Caramel Crush Lipstick 16,56513.jpg
57756,Women,Personal Care,Skin Care,Face Wash and Cleanser,Green,Spring,2017.0,Casual,Lotus Herbals Neem & Clove Purifying Face Wash,57756.jpg
44004,Men,Personal Care,Fragrance,Perfume and Body Mist,Blue,Spring,2017.0,Casual,Police Men To Be Perfume,44004.jpg
28214,Women,Personal Care,Fragrance,Deodorant,Lavender,Spring,2017.0,Casual,YARDLEY Women English Lavender Deo,28214.jpg
46926,Men,Personal Care,Fragrance,Perfume and Body Mist,Black,Spring,2017.0,Casual,York Men Prestige Perfume,46926.jpg
23605,Women,Personal Care,Fragrance,Perfume and Body Mist,Green,Spring,2017.0,Casual,Nike Fragrances Women Casual Perfume,23605.jpg
55982,Women,Personal Care,Lips,Lipstick,Brown,Spring,2017.0,Casual,Colorbar Velvet Matte Very Coffee Lipstick 51 BR,55982.jpg
56352,Men,Personal Care,Fragrance,Perfume and Body Mist,Blue,Spring,2017.0,Casual,Nike Fragrances Men No Limits Perfume 150 ml,56352.jpg
56100,Women,Personal Care,Lips,Lip Gloss,Purple,Spring,2017.0,Casual,Colorbar Star Winter Plum Lip Gloss 04,56100.jpg
18443,Men,Personal Care,Fragrance,Fragrance Gift Set,White,Spring,2017.0,Casual,Ed Hardy Love & Luck  Men Fragrance Gift Set,18443.jpg
59858,Women,Personal Care,Skin,Face Moisturisers,White,Spring,2017.0,Casual,Olay Women Natural White Healthy Fairness Day Lotion SPF 24,59858.jpg
55382,Women,Personal Care,Nails,Nail Polish,Silver,Spring,2017.0,Casual,Revlon Silver Shower Nail Polish 317,55382.jpg
32540,Men,Personal Care,Fragrance,Perfume and Body Mist,Black,Spring,2017.0,Casual,Playboy Men Miami Perfume,32540.jpg
46940,Women,Personal Care,Fragrance,Perfume and Body Mist,Yellow,Spring,2017.0,Casual,York Women Miss No 1 Perfume,46940.jpg
56354,Men,Personal Care,Fragrance,Perfume and Body Mist,Black,Spring,2017.0,Casual,Nike Fragrances Men Cool Paranoia Perfume 150 ml,56354.jpg
55119,Women,Personal Care,Beauty Accessories,Beauty Accessory,Burgundy,Spring,2017.0,Casual,Lakme Dual Sharpener,55119.jpg
32543,Women,Personal Care,Fragrance,Deodorant,Black,Spring,2017.0,Casual,Playboy Women Play It Spicy Deo,32543.jpg
55132,Women,Personal Care,Nails,Nail Polish,White,Spring,2017.0,Casual,Lakme Truewear Color Crush 08 Nail Polish,55132.jpg
45673,Women,Personal Care,Fragrance,Perfume and Body Mist,Blue,Spring,2017.0,Casual,J. Del Pozo Women Halloween Perfume,45673.jpg
36714,Men,Personal Care,Fragrance,Perfume and Body Mist,Blue,Spring,2017.0,Casual,Bulgari Men Aqua Pour Homme Perfume,36714.jpg
57586,Women,Personal Care,Lips,Lipstick,Brown,Spring,2017.0,Casual,Lotus Herbals Sand Storm Lipstick 181,57586.jpg
57869,Women,Personal Care,Skin,Face Moisturisers,White,Spring,2017.0,Casual,Biotique Bio Saffron Dew Face & Body Cream,57869.jpg
49097,Women,Personal Care,Makeup,Compact,Skin,Spring,2017.0,Casual,Deborah Ultrafine Compact Powder 08,49097.jpg
46684,Men,Personal Care,Fragrance,Perfume and Body Mist,Brown,Spring,2017.0,Casual,Rasasi Men Fighting Temptation Perfume,46684.jpg
55162,Women,Personal Care,Nails,Nail Polish,Maroon,Spring,2017.0,Casual,Lakme True Wear Berry Maroon Nail Polish 104,55162.jpg
46680,Women,Personal Care,Fragrance,Perfume and Body Mist,Green,Spring,2017.0,Casual,Rasasi Women Pack of 3 Perfumes,46680.jpg
55952,Women,Personal Care,Nails,Nail Polish,Red,Spring,2017.0,Casual,Colorbar Love Nail Lacquer 04,55952.jpg
58985,Women,Personal Care,Fragrance,Deodorant,Blue,Spring,2017.0,Casual,Cavallini Women Deo,58985.jpg
44140,Men,Personal Care,Fragrance,Perfume and Body Mist,Copper,Spring,2017.0,Casual,Dunhill Men Perfume,44140.jpg
46785,Men,Personal Care,Fragrance,Perfume and Body Mist,Blue,Spring,2017.0,Casual,Rising Wave Men Perfume,46785.jpg
55409,Women,Personal Care,Lips,Lipstick,Brown,Spring,2017.0,Casual,Revlon ColorStay Overtime Everlasting Rum Lipcolor 370,55409.jpg
42830,Unisex,Sporting Goods,Wristbands,Wristbands,Black,Summer,2012.0,Sports,Nike Unisex Swoosh Black Wristbands,42830.jpg
4013,Unisex,Sporting Goods,Sports Equipment,Basketballs,Brown,Summer,2011.0,Casual,Spalding  177z NBA School Brown Basketball,4013.jpg
13670,Unisex,Sporting Goods,Sports Equipment,Footballs,Gold,Fall,2011.0,Casual,Puma Unisex Liga XL Football,13670.jpg
1628,Unisex,Sporting Goods,Sports Equipment,Basketballs,Brown,Summer,2011.0,Sports,Kipsta Xtra Bounce Basketball,1628.jpg
4008,Unisex,Sporting Goods,Sports Equipment,Basketballs,Yellow,Summer,2011.0,Sports,Spalding Unisex Ochre Yellow Basketball,4008.jpg
42829,Unisex,Sporting Goods,Wristbands,Wristbands,White,Summer,2012.0,Sports,Nike Unisex Swoosh White Wristbands,42829.jpg
4007,Unisex,Sporting Goods,Sports Equipment,Basketballs,Orange,Summer,2011.0,Sports,Spalding Unisex Nash Orange Basketball,4007.jpg
2355,Unisex,Sporting Goods,Sports Equipment,Footballs,White,Fall,2010.0,Sports,ADIDAS Red Bull Trophy Soccer Unisex Football,2355.jpg
8934,Unisex,Sporting Goods,Wristbands,Wristbands,Black,Fall,2011.0,Casual,Puma Unisex Fundamentals Black Wristbands,8934.jpg
1552,Unisex,Sporting Goods,Sports Equipment,Footballs,White,Fall,2010.0,Sports,Puma Power Cat Trainer-WR Football,1552.jpg
2354,Unisex,Sporting Goods,Sports Equipment,Basketballs,Black,Winter,2010.0,Sports,ADIDAS Black Bounce Unisex Basketball,2354.jpg
2356,Unisex,Sporting Goods,Sports Equipment,Basketballs,Black,Winter,2010.0,Sports,ADIDAS Black & White Unisex Basketball,2356.jpg
8427,Unisex,Sporting Goods,Sports Equipment,Basketballs,Blue,Fall,2011.0,Sports,Spalding Unisex Blue Basketball,8427.jpg
4010,Unisex,Sporting Goods,Sports Equipment,Basketballs,Brown,Summer,2011.0,Sports,Spalding 150 SZ Brown Basketball,4010.jpg
1553,Unisex,Sporting Goods,Sports Equipment,Footballs,White,Fall,2010.0,Sports,Puma Power Cat Hard Ground Football,1553.jpg
4012,Unisex,Sporting Goods,Sports Equipment,Basketballs,Black,Summer,2011.0,Sports,Spalding 508z Black Basketball,4012.jpg
1550,Unisex,Sporting Goods,Sports Equipment,Footballs,White,Fall,2010.0,Sports,Puma Cat Trainer-WBL Football,1550.jpg
1627,Unisex,Sporting Goods,Sports Equipment,Footballs,White,Fall,2010.0,Sports,Kipsta F300 Football,1627.jpg
1551,Unisex,Sporting Goods,Sports Equipment,Footballs,Orange,Fall,2010.0,Sports,Puma Power Cat Trainer-OB Football,1551.jpg
1626,Unisex,Sporting Goods,Sports Equipment,Footballs,Blue,Summer,2011.0,Sports,Kipsta F300 Football Size 5 Football,1626.jpg
4011,Unisex,Sporting Goods,Sports Equipment,Basketballs,Grey,Summer,2011.0,Sports,Spalding Buror Grey Basketball,4011.jpg
42828,Unisex,Sporting Goods,Wristbands,Wristbands,Red,Summer,2012.0,Sports,Nike Unisex Swoosh Red Wristbands,42828.jpg
4009,Unisex,Sporting Goods,Sports Equipment,Basketballs,Blue,Summer,2011.0,Casual,Spalding Blue Basketball,4009.jpg
8426,Unisex,Sporting Goods,Sports Equipment,Basketballs,Red,Fall,2011.0,Sports,Spalding Unisex NBA Team Raptors SZ7 Red Basketball,8426.jpg
8422,Unisex,Sporting Goods,Sports Equipment,Basketballs,Red,Fall,2011.0,Sports,Spalding Unisex NBA Highlight Red Basketballs,8422.jpg
